uid	taxid	organism	superkingdom	ph	temperature	pfam	lineage_identifiers	lineage_ranks	lineage_names
B7N6P4	585056	Escherichia coli	Bacteria	7.01	36.0	PF01266	1, 131567, 2, 1224, 1236, 91347, 543, 561, 562, 585056	root, no rank, superkingdom, phylum, class, order, family, genus, species, no rank	root, cellular organisms, Bacteria, Proteobacteria, Gammaproteobacteria, Enterobacterales, Enterobacteriaceae, Escherichia, Escherichia coli, Escherichia coli UMN026
A0A0M7LBC1	134375	Achromobacter sp.	Bacteria	7.1	28.0	PF01266	1, 131567, 2, 1224, 28216, 80840, 506, 222, 134375	root, no rank, superkingdom, phylum, class, order, family, genus, species	root, cellular organisms, Bacteria, Proteobacteria, Betaproteobacteria, Burkholderiales, Alcaligenaceae, Achromobacter, Achromobacter sp.
A0A0U5XJG3	615	Serratia marcescens	Bacteria	7.07	29.0	NA	1, 131567, 2, 1224, 1236, 91347, 1903411, 613, 615	root, no rank, superkingdom, phylum, class, order, family, genus, species	root, cellular organisms, Bacteria, Proteobacteria, Gammaproteobacteria, Enterobacterales, Yersiniaceae, Serratia, Serratia marcescens
Q6MTY6	272632	Mycoplasma mycoides	Bacteria	NA	37.0	PF01266	1, 131567, 2, 1783272, 544448, 31969, 2085, 2092, 2093, 656088, 2102, 2103, 44101, 272632	root, no rank, superkingdom, no rank, phylum, class, order, family, genus, species group, species, subspecies, no rank, no rank	root, cellular organisms, Bacteria, Terrabacteria group, Tenericutes, Mollicutes, Mycoplasmatales, Mycoplasmataceae, Mycoplasma, Mycoplasma mycoides group, Mycoplasma mycoides, Mycoplasma mycoides subsp. mycoides, Mycoplasma mycoides subsp. mycoides SC, Mycoplasma mycoides subsp. mycoides SC str. PG1
A0A090SES2	990271	Vibrio variabilis	Bacteria	7.6	28.0	PF01266	1, 131567, 2, 1224, 1236, 135623, 641, 662, 990271	root, no rank, superkingdom, phylum, class, order, family, genus, species	root, cellular organisms, Bacteria, Proteobacteria, Gammaproteobacteria, Vibrionales, Vibrionaceae, Vibrio, Vibrio variabilis
A0A0U5JSS4	1776046	Clostridium sp.	Bacteria	7.0	35.0	PF01266, PF04324	1, 131567, 2, 1783272, 1239, 186801, 186802, 31979, 1485, 1776046	root, no rank, superkingdom, no rank, phylum, class, order, family, genus, species	root, cellular organisms, Bacteria, Terrabacteria group, Firmicutes, Clostridia, Clostridiales, Clostridiaceae, Clostridium, Clostridium sp. C105KSO14
A0A011R8E6	1454004	Candidatus accumulibacter	Bacteria	NA	NA	PF01266	1, 131567, 2, 1224, 28216, 119066, 327159, 1454004	root, no rank, superkingdom, phylum, class, no rank, genus, species	root, cellular organisms, Bacteria, Proteobacteria, Betaproteobacteria, unclassified Betaproteobacteria, Candidatus Accumulibacter, Candidatus Accumulibacter sp. BA-93
A0A0J6V898	1800	Mycolicibacterium chubuense	Bacteria	NA	NA	PF01266, PF04324	1, 131567, 2, 1783272, 201174, 1760, 85007, 1762, 1866885, 1800	root, no rank, superkingdom, no rank, phylum, class, order, family, genus, species	root, cellular organisms, Bacteria, Terrabacteria group, Actinobacteria, Actinobacteria, Corynebacteriales, Mycobacteriaceae, Mycolicibacterium, Mycolicibacterium chubuense
A0A0A1ZY49	167544	Prochlorococcus marinus	Bacteria	NA	20.0	PF01266	1, 131567, 2, 1783272, 1798711, 1117, 1890424, 1213, 1218, 1219, 167544	root, no rank, superkingdom, no rank, no rank, phylum, order, family, genus, species, no rank	root, cellular organisms, Bacteria, Terrabacteria group, Cyanobacteria/Melainabacteria group, Cyanobacteria, Synechococcales, Prochloraceae, Prochlorococcus, Prochlorococcus marinus, Prochlorococcus marinus str. MIT 9116
A0A0M2H872	92835	Microbacterium ketosireducens	Bacteria	7.1	30.0	PF01266	1, 131567, 2, 1783272, 201174, 1760, 85006, 85023, 33882, 92835	root, no rank, superkingdom, no rank, phylum, class, order, family, genus, species	root, cellular organisms, Bacteria, Terrabacteria group, Actinobacteria, Actinobacteria, Micrococcales, Microbacteriaceae, Microbacterium, Microbacterium ketosireducens
A0A0F8B4A0	88771	Ceratocystis platani	Eukaryota	NA	NA	PF01266	1, 131567, 2759, 33154, 4751, 451864, 4890, 716545, 147538, 716546, 715989, 147550, 222543, 5592, 1028423, 5157, 88771	root, no rank, superkingdom, no rank, kingdom, subkingdom, phylum, no rank, subphylum, no rank, no rank, class, subclass, order, family, genus, species	root, cellular organisms, Eukaryota, Opisthokonta, Fungi, Dikarya, Ascomycota, saccharomyceta, Pezizomycotina, leotiomyceta, sordariomyceta, Sordariomycetes, Hypocreomycetidae, Microascales, Ceratocystidaceae, Ceratocystis, Ceratocystis platani
F9EP79	997347	Fusobacterium nucleatum	Bacteria	7.08	37.0	PF01266, PF04324	1, 131567, 2, 32066, 203490, 203491, 203492, 848, 851, 76859, 997347	root, no rank, superkingdom, phylum, class, order, family, genus, species, subspecies, no rank	root, cellular organisms, Bacteria, Fusobacteria, Fusobacteriia, Fusobacteriales, Fusobacteriaceae, Fusobacterium, Fusobacterium nucleatum, Fusobacterium nucleatum subsp. animalis, Fusobacterium nucleatum subsp. animalis ATCC 51191
A0A0W0VV04	466	Legionella maceachernii	Bacteria	6.9	37.0	PF01266	1, 131567, 2, 1224, 1236, 118969, 444, 465, 466	root, no rank, superkingdom, phylum, class, order, family, genus, species	root, cellular organisms, Bacteria, Proteobacteria, Gammaproteobacteria, Legionellales, Legionellaceae, Tatlockia, Legionella maceachernii
A0A0D6UPR3	1911	Streptomyces griseus	Bacteria	7.19	28.0	NA	1, 131567, 2, 1783272, 201174, 1760, 85011, 2062, 1883, 629295, 1482596, 1911	root, no rank, superkingdom, no rank, phylum, class, order, family, genus, species subgroup, no rank, species	root, cellular organisms, Bacteria, Terrabacteria group, Actinobacteria, Actinobacteria, Streptomycetales, Streptomycetaceae, Streptomyces, Streptomyces griseus group, Streptomyces griseus subgroup, Streptomyces griseus
A0A0L6Z980	1121318	Clostridium homopropionicum	Bacteria	7.1	36.0	PF01266, PF04324	1, 131567, 2, 1783272, 1239, 186801, 186802, 31979, 1485, 36844, 1121318	root, no rank, superkingdom, no rank, phylum, class, order, family, genus, species, no rank	root, cellular organisms, Bacteria, Terrabacteria group, Firmicutes, Clostridia, Clostridiales, Clostridiaceae, Clostridium, Clostridium homopropionicum, Clostridium homopropionicum DSM 5847
A0A0H6BK84	666	Vibrio cholerae	Bacteria	NA	36.0	PF01266	1, 131567, 2, 1224, 1236, 135623, 641, 662, 666	root, no rank, superkingdom, phylum, class, order, family, genus, species	root, cellular organisms, Bacteria, Proteobacteria, Gammaproteobacteria, Vibrionales, Vibrionaceae, Vibrio, Vibrio cholerae
S0FWI7	1286635	Desulfotignum phosphitoxidans	Bacteria	7.1	30.0	PF01266	1, 131567, 2, 1224, 68525, 28221, 213118, 213119, 115780, 190898, 1286635	root, no rank, superkingdom, phylum, subphylum, class, order, family, genus, species, no rank	root, cellular organisms, Bacteria, Proteobacteria, delta/epsilon subdivisions, Deltaproteobacteria, Desulfobacterales, Desulfobacteraceae, Desulfotignum, Desulfotignum phosphitoxidans, Desulfotignum phosphitoxidans DSM 13687
A0A0F0C8R9	1609975	Clostridium sp.	Bacteria	7.0	35.0	PF01266, PF04324	1, 131567, 2, 1783272, 1239, 186801, 186802, 31979, 1485, 1609975	root, no rank, superkingdom, no rank, phylum, class, order, family, genus, species	root, cellular organisms, Bacteria, Terrabacteria group, Firmicutes, Clostridia, Clostridiales, Clostridiaceae, Clostridium, Clostridium sp. FS41
A0A0P1DE25	1447534	Pseudomonas aeruginosa	Bacteria	7.16	34.0	NA	1, 131567, 2, 1224, 1236, 72274, 135621, 286, 136841, 287, 1447534	root, no rank, superkingdom, phylum, class, order, family, genus, species group, species, no rank	root, cellular organisms, Bacteria, Proteobacteria, Gammaproteobacteria, Pseudomonadales, Pseudomonadaceae, Pseudomonas, Pseudomonas aeruginosa group, Pseudomonas aeruginosa, Pseudomonas aeruginosa 3579
B5WUJ3	516466	Burkholderia sp.	Bacteria	7.1	30.0	PF09118	1, 131567, 2, 1224, 28216, 80840, 119060, 32008, 516466	root, no rank, superkingdom, phylum, class, order, family, genus, species	root, cellular organisms, Bacteria, Proteobacteria, Betaproteobacteria, Burkholderiales, Burkholderiaceae, Burkholderia, Burkholderia sp. H160
B9R845	3988	Ricinus communis	Eukaryota	NA	NA	PF07250, PF09118	1, 131567, 2759, 33090, 35493, 131221, 3193, 58023, 78536, 58024, 3398, 1437183, 71240, 91827, 1437201, 71275, 91835, 3646, 3977, 235629, 235880, 3987, 3988	root, no rank, superkingdom, kingdom, phylum, subphylum, no rank, no rank, no rank, no rank, no rank, no rank, no rank, no rank, no rank, subclass, no rank, order, family, subfamily, tribe, genus, species	root, cellular organisms, Eukaryota, Viridiplantae, Streptophyta, Streptophytina, Embryophyta, Tracheophyta, Euphyllophyta, Spermatophyta, Magnoliophyta, Mesangiospermae, eudicotyledons, Gunneridae, Pentapetalae, rosids, fabids, Malpighiales, Euphorbiaceae, Acalyphoideae, Acalypheae, Ricinus, Ricinus communis
F9ZK57	153948	Nitrosomonas sp.	Bacteria	NA	NA	PF09118	1, 131567, 2, 1224, 28216, 32003, 206379, 914, 153948	root, no rank, superkingdom, phylum, class, order, family, genus, species	root, cellular organisms, Bacteria, Proteobacteria, Betaproteobacteria, Nitrosomonadales, Nitrosomonadaceae, Nitrosomonas, Nitrosomonas sp. AL212
B2IUG1	63737	Nostoc punctiforme	Bacteria	NA	20.0	PF09118	1, 131567, 2, 1783272, 1798711, 1117, 1161, 1162, 1177, 272131, 63737	root, no rank, superkingdom, no rank, no rank, phylum, order, family, genus, species, no rank	root, cellular organisms, Bacteria, Terrabacteria group, Cyanobacteria/Melainabacteria group, Cyanobacteria, Nostocales, Nostocaceae, Nostoc, Nostoc punctiforme, Nostoc punctiforme PCC 73102
B3R195	977880	Cupriavidus taiwanensis	Bacteria	7.2	31.0	PF09118	1, 131567, 2, 1224, 28216, 80840, 119060, 106589, 164546, 977880	root, no rank, superkingdom, phylum, class, order, family, genus, species, no rank	root, cellular organisms, Bacteria, Proteobacteria, Betaproteobacteria, Burkholderiales, Burkholderiaceae, Cupriavidus, Cupriavidus taiwanensis, Cupriavidus taiwanensis LMG 19424
A0A0C5CCL2	1582439	Candidatus nitrosopumilus	Archaea	NA	NA	PF09118	1, 131567, 2157, 1783275, 651137, 31932, 338190, 338191, 1582439	root, no rank, superkingdom, no rank, phylum, order, family, genus, species	root, cellular organisms, Archaea, TACK group, Thaumarchaeota, Nitrosopumilales, Nitrosopumilaceae, Nitrosopumilus, Candidatus Nitrosopumilus piranensis
F8B3Q8	656024	Frankia symbiont	Bacteria	NA	NA	PF09118	1, 131567, 2, 1783272, 201174, 1760, 85013, 74712, 1854, 656024	root, no rank, superkingdom, no rank, phylum, class, order, family, genus, species	root, cellular organisms, Bacteria, Terrabacteria group, Actinobacteria, Actinobacteria, Frankiales, Frankiaceae, Frankia, Frankia symbiont of Datisca glomerata
A0A0U1A0U5	36809	Mycobacteroides abscessus	Bacteria	NA	NA	NA	1, 131567, 2, 1783272, 201174, 1760, 85007, 1762, 670516, 36809	root, no rank, superkingdom, no rank, phylum, class, order, family, genus, species	root, cellular organisms, Bacteria, Terrabacteria group, Actinobacteria, Actinobacteria, Corynebacteriales, Mycobacteriaceae, Mycobacteroides, Mycobacteroides abscessus
A0A0U0XLD7	1185650	Mycobacteroides abscessus	Bacteria	NA	NA	NA	1, 131567, 2, 1783272, 201174, 1760, 85007, 1762, 670516, 36809, 1185650	root, no rank, superkingdom, no rank, phylum, class, order, family, genus, species, subspecies	root, cellular organisms, Bacteria, Terrabacteria group, Actinobacteria, Actinobacteria, Corynebacteriales, Mycobacteriaceae, Mycobacteroides, Mycobacteroides abscessus, Mycobacteroides abscessus subsp. abscessus
A9QAE7	1833	Rhodococcus erythropolis	Bacteria	7.19	28.0	NA	1, 131567, 2, 1783272, 201174, 1760, 85007, 85025, 1827, 1833	root, no rank, superkingdom, no rank, phylum, class, order, family, genus, species	root, cellular organisms, Bacteria, Terrabacteria group, Actinobacteria, Actinobacteria, Corynebacteriales, Nocardiaceae, Rhodococcus, Rhodococcus erythropolis
L1KIC4	698759	Streptomyces ipomoeae	Bacteria	7.2	27.0	NA	1, 131567, 2, 1783272, 201174, 1760, 85011, 2062, 1883, 103232, 698759	root, no rank, superkingdom, no rank, phylum, class, order, family, genus, species, no rank	root, cellular organisms, Bacteria, Terrabacteria group, Actinobacteria, Actinobacteria, Streptomycetales, Streptomycetaceae, Streptomyces, Streptomyces ipomoeae, Streptomyces ipomoeae 91-03
P93762	2769	Chondrus crispus	Eukaryota	NA	NA	NA	1, 131567, 2759, 2763, 2806, 2045261, 28017, 29217, 2768, 2769	root, no rank, superkingdom, no rank, class, subclass, order, family, genus, species	root, cellular organisms, Eukaryota, Rhodophyta, Florideophyceae, Rhodymeniophycidae, Gigartinales, Gigartinaceae, Chondrus, Chondrus crispus
Q7WZ62	93944	Nonomuraea gerenzanensis	Bacteria	NA	NA	NA	1, 131567, 2, 1783272, 201174, 1760, 85012, 2004, 83681, 93944	root, no rank, superkingdom, no rank, phylum, class, order, family, genus, species	root, cellular organisms, Bacteria, Terrabacteria group, Actinobacteria, Actinobacteria, Streptosporangiales, Streptosporangiaceae, Nonomuraea, Nonomuraea gerenzanensis
A0A0G7ZYU8	305	Ralstonia solanacearum	Bacteria	7.0	29.0	NA	1, 131567, 2, 1224, 28216, 80840, 119060, 48736, 305	root, no rank, superkingdom, phylum, class, order, family, genus, species	root, cellular organisms, Bacteria, Proteobacteria, Betaproteobacteria, Burkholderiales, Burkholderiaceae, Ralstonia, Ralstonia solanacearum
C4WH31	641118	Ochrobactrum intermedium	Bacteria	7.3	30.0	PF08543	1, 131567, 2, 1224, 28211, 356, 118882, 528, 94625, 641118	root, no rank, superkingdom, phylum, class, order, family, genus, species, no rank	root, cellular organisms, Bacteria, Proteobacteria, Alphaproteobacteria, Rhizobiales, Brucellaceae, Ochrobactrum, Ochrobactrum intermedium, Ochrobactrum intermedium LMG 3301
A0A0K3BPM4	703222	Kibdelosporangium sp.	Bacteria	NA	NA	NA	1, 131567, 2, 1783272, 201174, 1760, 85010, 2070, 2029, 703222	root, no rank, superkingdom, no rank, phylum, class, order, family, genus, species	root, cellular organisms, Bacteria, Terrabacteria group, Actinobacteria, Actinobacteria, Pseudonocardiales, Pseudonocardiaceae, Kibdelosporangium, Kibdelosporangium sp. MJ126-NF4
R7ZSU7	1232681	Lunatimonas lonarensis	Bacteria	NA	NA	NA	1, 131567, 2, 1783270, 68336, 976, 768503, 768507, 563798, 1774589, 1232681	root, no rank, superkingdom, no rank, no rank, phylum, class, order, family, genus, species	root, cellular organisms, Bacteria, FCB group, Bacteroidetes/Chlorobi group, Bacteroidetes, Cytophagia, Cytophagales, Cyclobacteriaceae, Lunatimonas, Lunatimonas lonarensis
D3NRV6	137722	Azospirillum sp.	Bacteria	6.92	31.0	NA	1, 131567, 2, 1224, 28211, 204441, 41295, 191, 193, 137722	root, no rank, superkingdom, phylum, class, order, family, genus, species, no rank	root, cellular organisms, Bacteria, Proteobacteria, Alphaproteobacteria, Rhodospirillales, Rhodospirillaceae, Azospirillum, Azospirillum lipoferum, Azospirillum sp. B510
Q0K750	381666	Cupriavidus necator	Bacteria	6.89	29.0	NA	1, 131567, 2, 1224, 28216, 80840, 119060, 106589, 106590, 381666	root, no rank, superkingdom, phylum, class, order, family, genus, species, no rank	root, cellular organisms, Bacteria, Proteobacteria, Betaproteobacteria, Burkholderiales, Burkholderiaceae, Cupriavidus, Cupriavidus necator, Cupriavidus necator H16
A0A0K2XRH9	35817	Helicobacter heilmannii	Bacteria	NA	37.0	NA	1, 131567, 2, 1224, 68525, 29547, 213849, 72293, 209, 35817	root, no rank, superkingdom, phylum, subphylum, class, order, family, genus, species	root, cellular organisms, Bacteria, Proteobacteria, delta/epsilon subdivisions, Epsilonproteobacteria, Campylobacterales, Helicobacteraceae, Helicobacter, Helicobacter heilmannii
D4MUV9	649756	Anaerostipes hadrus	Bacteria	7.0	37.0	NA	1, 131567, 2, 1783272, 1239, 186801, 186802, 186803, 207244, 649756	root, no rank, superkingdom, no rank, phylum, class, order, family, genus, species	root, cellular organisms, Bacteria, Terrabacteria group, Firmicutes, Clostridia, Clostridiales, Lachnospiraceae, Anaerostipes, Anaerostipes hadrus
A2QTA3	425011	Aspergillus niger	Eukaryota	5.6	26.0	NA	1, 131567, 2759, 33154, 4751, 451864, 4890, 716545, 147538, 716546, 147545, 451871, 5042, 1131492, 5052, 5061, 425011	root, no rank, superkingdom, no rank, kingdom, subkingdom, phylum, no rank, subphylum, no rank, class, subclass, order, family, genus, species, no rank	root, cellular organisms, Eukaryota, Opisthokonta, Fungi, Dikarya, Ascomycota, saccharomyceta, Pezizomycotina, leotiomyceta, Eurotiomycetes, Eurotiomycetidae, Eurotiales, Aspergillaceae, Aspergillus, Aspergillus niger, Aspergillus niger CBS 513.88
Q8XW09	267608	Ralstonia solanacearum	Bacteria	7.0	29.0	NA	1, 131567, 2, 1224, 28216, 80840, 119060, 48736, 305, 267608	root, no rank, superkingdom, phylum, class, order, family, genus, species, no rank	root, cellular organisms, Bacteria, Proteobacteria, Betaproteobacteria, Burkholderiales, Burkholderiaceae, Ralstonia, Ralstonia solanacearum, Ralstonia solanacearum GMI1000
H0SIC1	566679	Bradyrhizobium sp.	Bacteria	7.0	27.0	NA	1, 131567, 2, 1224, 28211, 356, 41294, 374, 566679	root, no rank, superkingdom, phylum, class, order, family, genus, species	root, cellular organisms, Bacteria, Proteobacteria, Alphaproteobacteria, Rhizobiales, Bradyrhizobiaceae, Bradyrhizobium, Bradyrhizobium sp. ORS 375
S7SZ03	886559	Geobacillus sp.	Bacteria	7.28	54.0	NA	1, 131567, 2, 1783272, 1239, 91061, 1385, 186817, 129337, 886559	root, no rank, superkingdom, no rank, phylum, class, order, family, genus, species	root, cellular organisms, Bacteria, Terrabacteria group, Firmicutes, Bacilli, Bacillales, Bacillaceae, Geobacillus, Geobacillus sp. WSUCF1
D4XIR1	742159	Achromobacter piechaudii	Bacteria	7.15	31.0	NA	1, 131567, 2, 1224, 28216, 80840, 506, 222, 72556, 742159	root, no rank, superkingdom, phylum, class, order, family, genus, species, no rank	root, cellular organisms, Bacteria, Proteobacteria, Betaproteobacteria, Burkholderiales, Alcaligenaceae, Achromobacter, Achromobacter piechaudii, Achromobacter piechaudii ATCC 43553
I4G7M6	1160281	Microcystis aeruginosa	Bacteria	NA	19.0	NA	1, 131567, 2, 1783272, 1798711, 1117, 1301283, 1118, 1890449, 1125, 1126, 1160281	root, no rank, superkingdom, no rank, no rank, phylum, subclass, order, family, genus, species, no rank	root, cellular organisms, Bacteria, Terrabacteria group, Cyanobacteria/Melainabacteria group, Cyanobacteria, Oscillatoriophycideae, Chroococcales, Microcystaceae, Microcystis, Microcystis aeruginosa, Microcystis aeruginosa PCC 9443
Q2LWG4	56780	Syntrophus aciditrophicus	Bacteria	6.93	37.0	NA	1, 131567, 2, 1224, 68525, 28221, 213462, 213468, 43773, 316277, 56780	root, no rank, superkingdom, phylum, subphylum, class, order, family, genus, species, no rank	root, cellular organisms, Bacteria, Proteobacteria, delta/epsilon subdivisions, Deltaproteobacteria, Syntrophobacterales, Syntrophaceae, Syntrophus, Syntrophus aciditrophicus, Syntrophus aciditrophicus SB
A2CCV2	59922	Prochlorococcus marinus	Bacteria	NA	20.0	NA	1, 131567, 2, 1783272, 1798711, 1117, 1890424, 1213, 1218, 1219, 59922	root, no rank, superkingdom, no rank, no rank, phylum, order, family, genus, species, no rank	root, cellular organisms, Bacteria, Terrabacteria group, Cyanobacteria/Melainabacteria group, Cyanobacteria, Synechococcales, Prochloraceae, Prochlorococcus, Prochlorococcus marinus, Prochlorococcus marinus str. MIT 9303
P56216	69488	Penicillium simplicissimum	Eukaryota	5.6	24.0	NA	1, 131567, 2759, 33154, 4751, 451864, 4890, 716545, 147538, 716546, 147545, 451871, 5042, 1131492, 5073, 69488	root, no rank, superkingdom, no rank, kingdom, subkingdom, phylum, no rank, subphylum, no rank, class, subclass, order, family, genus, species	root, cellular organisms, Eukaryota, Opisthokonta, Fungi, Dikarya, Ascomycota, saccharomyceta, Pezizomycotina, leotiomyceta, Eurotiomycetes, Eurotiomycetidae, Eurotiales, Aspergillaceae, Penicillium, Penicillium simplicissimum
A0A0M7QHG7	54571	Streptomyces venezuelae	Bacteria	7.2	27.0	NA	1, 131567, 2, 1783272, 201174, 1760, 85011, 2062, 1883, 54571	root, no rank, superkingdom, no rank, phylum, class, order, family, genus, species	root, cellular organisms, Bacteria, Terrabacteria group, Actinobacteria, Actinobacteria, Streptomycetales, Streptomycetaceae, Streptomyces, Streptomyces venezuelae
K0NHF1	651182	Desulfobacula toluolica	Bacteria	7.08	28.0	NA	1, 131567, 2, 1224, 68525, 28221, 213118, 213119, 28222, 28223, 651182	root, no rank, superkingdom, phylum, subphylum, class, order, family, genus, species, no rank	root, cellular organisms, Bacteria, Proteobacteria, delta/epsilon subdivisions, Deltaproteobacteria, Desulfobacterales, Desulfobacteraceae, Desulfobacula, Desulfobacula toluolica, Desulfobacula toluolica Tol2
G6F8W6	1042400	Lactobacillus delbrueckii	Bacteria	6.17	37.0	PF02913	1, 131567, 2, 1783272, 1239, 91061, 186826, 33958, 1578, 1584, 1585, 1042400	root, no rank, superkingdom, no rank, phylum, class, order, family, genus, species, subspecies, no rank	root, cellular organisms, Bacteria, Terrabacteria group, Firmicutes, Bacilli, Lactobacillales, Lactobacillaceae, Lactobacillus, Lactobacillus delbrueckii, Lactobacillus delbrueckii subsp. bulgaricus, Lactobacillus delbrueckii subsp. bulgaricus CNCM I-1519
A0A085FLP7	1502724	Devosia sp.	Bacteria	NA	28.0	NA	1, 131567, 2, 1224, 28211, 356, 45401, 46913, 1502724	root, no rank, superkingdom, phylum, class, order, family, genus, species	root, cellular organisms, Bacteria, Proteobacteria, Alphaproteobacteria, Rhizobiales, Hyphomicrobiaceae, Devosia, Devosia sp. LC5
A9D099	411684	Hoeflea phototrophica	Bacteria	7.6	30.0	NA	1, 131567, 2, 1224, 28211, 356, 69277, 274591, 244596, 411684	root, no rank, superkingdom, phylum, class, order, family, genus, species, no rank	root, cellular organisms, Bacteria, Proteobacteria, Alphaproteobacteria, Rhizobiales, Phyllobacteriaceae, Hoeflea, Hoeflea phototrophica, Hoeflea phototrophica DFL-43
Q5WIP4	66692	Bacillus clausii	Bacteria	8.28	31.0	NA	1, 131567, 2, 1783272, 1239, 91061, 1385, 186817, 1386, 79880, 66692	root, no rank, superkingdom, no rank, phylum, class, order, family, genus, species, no rank	root, cellular organisms, Bacteria, Terrabacteria group, Firmicutes, Bacilli, Bacillales, Bacillaceae, Bacillus, Bacillus clausii, Bacillus clausii KSM-K16
E0MUP1	862512	Corynebacterium accolens	Bacteria	7.3	37.0	NA	1, 131567, 2, 1783272, 201174, 1760, 85007, 1653, 1716, 38284, 862512	root, no rank, superkingdom, no rank, phylum, class, order, family, genus, species, no rank	root, cellular organisms, Bacteria, Terrabacteria group, Actinobacteria, Actinobacteria, Corynebacteriales, Corynebacteriaceae, Corynebacterium, Corynebacterium accolens, Corynebacterium accolens ATCC 49726
D4N087	649756	Anaerostipes hadrus	Bacteria	7.0	37.0	NA	1, 131567, 2, 1783272, 1239, 186801, 186802, 186803, 207244, 649756	root, no rank, superkingdom, no rank, phylum, class, order, family, genus, species	root, cellular organisms, Bacteria, Terrabacteria group, Firmicutes, Clostridia, Clostridiales, Lachnospiraceae, Anaerostipes, Anaerostipes hadrus
K4LGZ0	1089553	Thermacetogenium phaeum	Bacteria	7.05	55.0	NA	1, 131567, 2, 1783272, 1239, 186801, 68295, 186814, 140458, 85874, 1089553	root, no rank, superkingdom, no rank, phylum, class, order, family, genus, species, no rank	root, cellular organisms, Bacteria, Terrabacteria group, Firmicutes, Clostridia, Thermoanaerobacterales, Thermoanaerobacteraceae, Thermacetogenium, Thermacetogenium phaeum, Thermacetogenium phaeum DSM 12270
M4KHX7	1284663	Lactobacillus plantarum	Bacteria	6.35	35.0	NA	1, 131567, 2, 1783272, 1239, 91061, 186826, 33958, 1578, 1590, 1284663	root, no rank, superkingdom, no rank, phylum, class, order, family, genus, species, no rank	root, cellular organisms, Bacteria, Terrabacteria group, Firmicutes, Bacilli, Lactobacillales, Lactobacillaceae, Lactobacillus, Lactobacillus plantarum, Lactobacillus plantarum ZJ316
A0A073CBY9	388467	Planktothrix agardhii	Bacteria	NA	21.0	NA	1, 131567, 2, 1783272, 1798711, 1117, 1301283, 1150, 1892252, 54304, 1160, 388467	root, no rank, superkingdom, no rank, no rank, phylum, subclass, order, family, genus, species, no rank	root, cellular organisms, Bacteria, Terrabacteria group, Cyanobacteria/Melainabacteria group, Cyanobacteria, Oscillatoriophycideae, Oscillatoriales, Microcoleaceae, Planktothrix, Planktothrix agardhii, Planktothrix agardhii NIVA-CYA 126/8
A0A0P7WDX3	1666908	Erythrobacteraceae bacterium	Bacteria	NA	NA	NA	1, 131567, 2, 1224, 28211, 204457, 335929, 517744, 1666908	root, no rank, superkingdom, phylum, class, order, family, no rank, species	root, cellular organisms, Bacteria, Proteobacteria, Alphaproteobacteria, Sphingomonadales, Erythrobacteraceae, unclassified Erythrobacteraceae, Erythrobacteraceae bacterium HL-111
A0A087RXW1	1503183	Marine group	Archaea	NA	NA	NA	1, 131567, 2157, 1783275, 651137, 651142, 905826, 1503183	root, no rank, superkingdom, no rank, phylum, no rank, no rank, species	root, cellular organisms, Archaea, TACK group, Thaumarchaeota, unclassified Thaumarchaeota, Marine Group I, Marine Group I thaumarchaeote SCGC RSA3
U4PUB6	424182	Rhizobium sp.	Bacteria	6.98	27.0	NA	1, 131567, 2, 1224, 28211, 356, 82115, 227290, 379, 424182	root, no rank, superkingdom, phylum, class, order, family, no rank, genus, species	root, cellular organisms, Bacteria, Proteobacteria, Alphaproteobacteria, Rhizobiales, Rhizobiaceae, Rhizobium/Agrobacterium group, Rhizobium, Rhizobium sp. IRBG74
A0A009NBJ7	1310652	Acinetobacter sp.	Bacteria	7.18	32.0	NA	1, 131567, 2, 1224, 1236, 72274, 468, 469, 909768, 1310652	root, no rank, superkingdom, phylum, class, order, family, genus, species group, species	root, cellular organisms, Bacteria, Proteobacteria, Gammaproteobacteria, Pseudomonadales, Moraxellaceae, Acinetobacter, Acinetobacter calcoaceticus/baumannii complex, Acinetobacter sp. 1475718
V9Q617	43767	Rhodococcus hoagii	Bacteria	7.26	28.0	NA	1, 131567, 2, 1783272, 201174, 1760, 85007, 85025, 1827, 43767	root, no rank, superkingdom, no rank, phylum, class, order, family, genus, species	root, cellular organisms, Bacteria, Terrabacteria group, Actinobacteria, Actinobacteria, Corynebacteriales, Nocardiaceae, Rhodococcus, Rhodococcus hoagii
A0A0T9WLB5	1773	Mycobacterium tuberculosis	Bacteria	NA	37.0	PF05199	1, 131567, 2, 1783272, 201174, 1760, 85007, 1762, 1763, 77643, 1773	root, no rank, superkingdom, no rank, phylum, class, order, family, genus, species group, species	root, cellular organisms, Bacteria, Terrabacteria group, Actinobacteria, Actinobacteria, Corynebacteriales, Mycobacteriaceae, Mycobacterium, Mycobacterium tuberculosis complex, Mycobacterium tuberculosis
W9N2G4	909455	Fusarium oxysporum	Eukaryota	5.6	24.0	NA	1, 131567, 2759, 33154, 4751, 451864, 4890, 716545, 147538, 716546, 715989, 147550, 222543, 5125, 110618, 5506, 171631, 5507, 909455	root, no rank, superkingdom, no rank, kingdom, subkingdom, phylum, no rank, subphylum, no rank, no rank, class, subclass, order, family, genus, species group, species, no rank	root, cellular organisms, Eukaryota, Opisthokonta, Fungi, Dikarya, Ascomycota, saccharomyceta, Pezizomycotina, leotiomyceta, sordariomyceta, Sordariomycetes, Hypocreomycetidae, Hypocreales, Nectriaceae, Fusarium, Fusarium oxysporum species complex, Fusarium oxysporum, Fusarium oxysporum FOSC 3-a
E3J7L2	298654	Frankia inefficax	Bacteria	NA	NA	PF05199	1, 131567, 2, 1783272, 201174, 1760, 85013, 74712, 1854, 298654	root, no rank, superkingdom, no rank, phylum, class, order, family, genus, species	root, cellular organisms, Bacteria, Terrabacteria group, Actinobacteria, Actinobacteria, Frankiales, Frankiaceae, Frankia, Frankia inefficax
A0A0U0YMT3	36809	Mycobacteroides abscessus	Bacteria	NA	NA	PF05199	1, 131567, 2, 1783272, 201174, 1760, 85007, 1762, 670516, 36809	root, no rank, superkingdom, no rank, phylum, class, order, family, genus, species	root, cellular organisms, Bacteria, Terrabacteria group, Actinobacteria, Actinobacteria, Corynebacteriales, Mycobacteriaceae, Mycobacteroides, Mycobacteroides abscessus
Q53U15	1906	Streptomyces fradiae	Bacteria	7.2	27.0	NA	1, 131567, 2, 1783272, 201174, 1760, 85011, 2062, 1883, 1906	root, no rank, superkingdom, no rank, phylum, class, order, family, genus, species	root, cellular organisms, Bacteria, Terrabacteria group, Actinobacteria, Actinobacteria, Streptomycetales, Streptomycetaceae, Streptomyces, Streptomyces fradiae
A0A0U1BXY3	36809	Mycobacteroides abscessus	Bacteria	NA	NA	NA	1, 131567, 2, 1783272, 201174, 1760, 85007, 1762, 670516, 36809	root, no rank, superkingdom, no rank, phylum, class, order, family, genus, species	root, cellular organisms, Bacteria, Terrabacteria group, Actinobacteria, Actinobacteria, Corynebacteriales, Mycobacteriaceae, Mycobacteroides, Mycobacteroides abscessus
A0A0D6UVV4	1172567	Streptomyces globisporus	Bacteria	7.2	28.0	NA	1, 131567, 2, 1783272, 201174, 1760, 85011, 2062, 1883, 629295, 1482558, 1908, 1172567	root, no rank, superkingdom, no rank, phylum, class, order, family, genus, species subgroup, no rank, species, no rank	root, cellular organisms, Bacteria, Terrabacteria group, Actinobacteria, Actinobacteria, Streptomycetales, Streptomycetaceae, Streptomyces, Streptomyces griseus group, Streptomyces albovinaceus subgroup, Streptomyces globisporus, Streptomyces globisporus C-1027
K4R330	1214101	Streptomyces davaonensis	Bacteria	NA	NA	NA	1, 131567, 2, 1783272, 201174, 1760, 85011, 2062, 1883, 348043, 1214101	root, no rank, superkingdom, no rank, phylum, class, order, family, genus, species, no rank	root, cellular organisms, Bacteria, Terrabacteria group, Actinobacteria, Actinobacteria, Streptomycetales, Streptomycetaceae, Streptomyces, Streptomyces davaonensis, Streptomyces davaonensis JCM 4913
A0A0Q0IVH1	1723759	Pseudoalteromonas sp.	Bacteria	7.6	26.0	PF00732, PF05199	1, 131567, 2, 1224, 1236, 135622, 267888, 53246, 1723759	root, no rank, superkingdom, phylum, class, order, family, genus, species	root, cellular organisms, Bacteria, Proteobacteria, Gammaproteobacteria, Alteromonadales, Pseudoalteromonadaceae, Pseudoalteromonas, Pseudoalteromonas sp. P1-26
A0A0D8HYB4	103808	Rhodococcus sp.	Bacteria	7.23	28.0	PF05199	1, 131567, 2, 1783272, 201174, 1760, 85007, 85025, 1827, 103808	root, no rank, superkingdom, no rank, phylum, class, order, family, genus, species	root, cellular organisms, Bacteria, Terrabacteria group, Actinobacteria, Actinobacteria, Corynebacteriales, Nocardiaceae, Rhodococcus, Rhodococcus sp. AD45
K9U6P8	251229	Chroococcidiopsis thermalis	Bacteria	NA	22.0	PF05199	1, 131567, 2, 1783272, 1798711, 1117, 1890505, 1890528, 54298, 54299, 251229	root, no rank, superkingdom, no rank, no rank, phylum, order, family, genus, species, no rank	root, cellular organisms, Bacteria, Terrabacteria group, Cyanobacteria/Melainabacteria group, Cyanobacteria, Chroococcidiopsidales, Chroococcidiopsidaceae, Chroococcidiopsis, Chroococcidiopsis thermalis, Chroococcidiopsis thermalis PCC 7203
A2Z8H1	39946	Oryza sativa	Eukaryota	NA	NA	PF00732, PF05199	1, 131567, 2759, 33090, 35493, 131221, 3193, 58023, 78536, 58024, 3398, 1437183, 4447, 1437197, 4734, 38820, 4479, 359160, 147367, 147380, 1648021, 4527, 4530, 39946	root, no rank, superkingdom, kingdom, phylum, subphylum, no rank, no rank, no rank, no rank, no rank, no rank, class, subclass, no rank, order, family, no rank, subfamily, tribe, subtribe, genus, species, no rank	root, cellular organisms, Eukaryota, Viridiplantae, Streptophyta, Streptophytina, Embryophyta, Tracheophyta, Euphyllophyta, Spermatophyta, Magnoliophyta, Mesangiospermae, Liliopsida, Petrosaviidae, commelinids, Poales, Poaceae, BOP clade, Oryzoideae, Oryzeae, Oryzinae, Oryza, Oryza sativa, Oryza sativa Indica Group
H0EAY8	1097667	Patulibacter medicamentivorans	Bacteria	7.2	28.0	PF00732, PF05199	1, 131567, 2, 1783272, 201174, 1497346, 588673, 361606, 361607, 1097667	root, no rank, superkingdom, no rank, phylum, class, order, family, genus, species	root, cellular organisms, Bacteria, Terrabacteria group, Actinobacteria, Thermoleophilia, Solirubrobacterales, Patulibacteraceae, Patulibacter, Patulibacter medicamentivorans
A0A0D8HWN7	103808	Rhodococcus sp.	Bacteria	7.23	28.0	PF00732, PF05199	1, 131567, 2, 1783272, 201174, 1760, 85007, 85025, 1827, 103808	root, no rank, superkingdom, no rank, phylum, class, order, family, genus, species	root, cellular organisms, Bacteria, Terrabacteria group, Actinobacteria, Actinobacteria, Corynebacteriales, Nocardiaceae, Rhodococcus, Rhodococcus sp. AD45
N0D146	1303692	Streptomyces fulvissimus	Bacteria	7.2	28.0	PF05199	1, 131567, 2, 1783272, 201174, 1760, 85011, 2062, 1883, 68202, 1303692	root, no rank, superkingdom, no rank, phylum, class, order, family, genus, species, no rank	root, cellular organisms, Bacteria, Terrabacteria group, Actinobacteria, Actinobacteria, Streptomycetales, Streptomycetaceae, Streptomyces, Streptomyces fulvissimus, Streptomyces fulvissimus DSM 40593
A0A0F8B231	88771	Ceratocystis platani	Eukaryota	NA	NA	PF00732	1, 131567, 2759, 33154, 4751, 451864, 4890, 716545, 147538, 716546, 715989, 147550, 222543, 5592, 1028423, 5157, 88771	root, no rank, superkingdom, no rank, kingdom, subkingdom, phylum, no rank, subphylum, no rank, no rank, class, subclass, order, family, genus, species	root, cellular organisms, Eukaryota, Opisthokonta, Fungi, Dikarya, Ascomycota, saccharomyceta, Pezizomycotina, leotiomyceta, sordariomyceta, Sordariomycetes, Hypocreomycetidae, Microascales, Ceratocystidaceae, Ceratocystis, Ceratocystis platani
A0A0F0KK17	82380	Microbacterium oxydans	Bacteria	7.3	30.0	PF00732, PF05199	1, 131567, 2, 1783272, 201174, 1760, 85006, 85023, 33882, 82380	root, no rank, superkingdom, no rank, phylum, class, order, family, genus, species	root, cellular organisms, Bacteria, Terrabacteria group, Actinobacteria, Actinobacteria, Micrococcales, Microbacteriaceae, Microbacterium, Microbacterium oxydans
B9S0Y9	3988	Ricinus communis	Eukaryota	NA	NA	NA	1, 131567, 2759, 33090, 35493, 131221, 3193, 58023, 78536, 58024, 3398, 1437183, 71240, 91827, 1437201, 71275, 91835, 3646, 3977, 235629, 235880, 3987, 3988	root, no rank, superkingdom, kingdom, phylum, subphylum, no rank, no rank, no rank, no rank, no rank, no rank, no rank, no rank, no rank, subclass, no rank, order, family, subfamily, tribe, genus, species	root, cellular organisms, Eukaryota, Viridiplantae, Streptophyta, Streptophytina, Embryophyta, Tracheophyta, Euphyllophyta, Spermatophyta, Magnoliophyta, Mesangiospermae, eudicotyledons, Gunneridae, Pentapetalae, rosids, fabids, Malpighiales, Euphorbiaceae, Acalyphoideae, Acalypheae, Ricinus, Ricinus communis
X7YWP4	1299326	Mycobacterium kansasii	Bacteria	7.1	37.0	NA	1, 131567, 2, 1783272, 201174, 1760, 85007, 1762, 1763, 1768, 1299326	root, no rank, superkingdom, no rank, phylum, class, order, family, genus, species, no rank	root, cellular organisms, Bacteria, Terrabacteria group, Actinobacteria, Actinobacteria, Corynebacteriales, Mycobacteriaceae, Mycobacterium, Mycobacterium kansasii, Mycobacterium kansasii 662
A9QH69	1346	Streptococcus iniae	Bacteria	7.1	37.0	NA	1, 131567, 2, 1783272, 1239, 91061, 186826, 1300, 1301, 1346	root, no rank, superkingdom, no rank, phylum, class, order, family, genus, species	root, cellular organisms, Bacteria, Terrabacteria group, Firmicutes, Bacilli, Lactobacillales, Streptococcaceae, Streptococcus, Streptococcus iniae
I7IZ16	1423790	Lactobacillus pasteurii	Bacteria	6.35	37.0	NA	1, 131567, 2, 1783272, 1239, 91061, 186826, 33958, 1578, 872327, 1423790	root, no rank, superkingdom, no rank, phylum, class, order, family, genus, species, no rank	root, cellular organisms, Bacteria, Terrabacteria group, Firmicutes, Bacilli, Lactobacillales, Lactobacillaceae, Lactobacillus, Lactobacillus pasteurii, Lactobacillus pasteurii DSM 23907 = CRBIP 24.76
A4YVE0	114615	Bradyrhizobium sp.	Bacteria	7.0	27.0	NA	1, 131567, 2, 1224, 28211, 356, 41294, 374, 114615	root, no rank, superkingdom, phylum, class, order, family, genus, species	root, cellular organisms, Bacteria, Proteobacteria, Alphaproteobacteria, Rhizobiales, Bradyrhizobiaceae, Bradyrhizobium, Bradyrhizobium sp. ORS 278
A0A0W0SGJ0	28084	Legionella cherrii	Bacteria	6.9	37.0	NA	1, 131567, 2, 1224, 1236, 118969, 444, 445, 28084	root, no rank, superkingdom, phylum, class, order, family, genus, species	root, cellular organisms, Bacteria, Proteobacteria, Gammaproteobacteria, Legionellales, Legionellaceae, Legionella, Legionella cherrii
F4G5A4	596154	Alicycliphilus denitrificans	Bacteria	7.33	29.0	NA	1, 131567, 2, 1224, 28216, 80840, 80864, 201096, 179636, 596154	root, no rank, superkingdom, phylum, class, order, family, genus, species, no rank	root, cellular organisms, Bacteria, Proteobacteria, Betaproteobacteria, Burkholderiales, Comamonadaceae, Alicycliphilus, Alicycliphilus denitrificans, Alicycliphilus denitrificans K601
A0A0L1HUB3	183478	Stemphylium lycopersici	Eukaryota	NA	24.0	NA	1, 131567, 2759, 33154, 4751, 451864, 4890, 716545, 147538, 716546, 715962, 147541, 451868, 92860, 715340, 28556, 95729, 183478	root, no rank, superkingdom, no rank, kingdom, subkingdom, phylum, no rank, subphylum, no rank, no rank, class, subclass, order, suborder, family, genus, species	root, cellular organisms, Eukaryota, Opisthokonta, Fungi, Dikarya, Ascomycota, saccharomyceta, Pezizomycotina, leotiomyceta, dothideomyceta, Dothideomycetes, Pleosporomycetidae, Pleosporales, Pleosporineae, Pleosporaceae, Stemphylium, Stemphylium lycopersici
B7QAT8	6945	Ixodes scapularis	Eukaryota	NA	NA	NA	1, 131567, 2759, 33154, 33208, 6072, 33213, 33317, 1206794, 88770, 6656, 6843, 6854, 6933, 6934, 6935, 297308, 6939, 426442, 6944, 6945	root, no rank, superkingdom, no rank, kingdom, no rank, no rank, no rank, no rank, no rank, phylum, subphylum, class, subclass, superorder, order, superfamily, family, subfamily, genus, species	root, cellular organisms, Eukaryota, Opisthokonta, Metazoa, Eumetazoa, Bilateria, Protostomia, Ecdysozoa, Panarthropoda, Arthropoda, Chelicerata, Arachnida, Acari, Parasitiformes, Ixodida, Ixodoidea, Ixodidae, Ixodinae, Ixodes, Ixodes scapularis
A0A0F4YNJ0	1408163	Rasamsonia emersonii	Eukaryota	NA	NA	NA	1, 131567, 2759, 33154, 4751, 451864, 4890, 716545, 147538, 716546, 147545, 451871, 5042, 28568, 1132856, 68825, 1408163	root, no rank, superkingdom, no rank, kingdom, subkingdom, phylum, no rank, subphylum, no rank, class, subclass, order, family, genus, species, no rank	root, cellular organisms, Eukaryota, Opisthokonta, Fungi, Dikarya, Ascomycota, saccharomyceta, Pezizomycotina, leotiomyceta, Eurotiomycetes, Eurotiomycetidae, Eurotiales, Trichocomaceae, Rasamsonia, Rasamsonia emersonii, Rasamsonia emersonii CBS 393.64
F0TBY7	877455	Methanobacterium lacus	Archaea	7.25	30.0	NA	1, 131567, 2157, 28890, 2283794, 183925, 2158, 2159, 2160, 877455	root, no rank, superkingdom, phylum, no rank, class, order, family, genus, species	root, cellular organisms, Archaea, Euryarchaeota, Methanomada group, Methanobacteria, Methanobacteriales, Methanobacteriaceae, Methanobacterium, Methanobacterium lacus
C4VMW0	596325	Lactobacillus jensenii	Bacteria	6.35	37.0	NA	1, 131567, 2, 1783272, 1239, 91061, 186826, 33958, 1578, 109790, 596325	root, no rank, superkingdom, no rank, phylum, class, order, family, genus, species, no rank	root, cellular organisms, Bacteria, Terrabacteria group, Firmicutes, Bacilli, Lactobacillales, Lactobacillaceae, Lactobacillus, Lactobacillus jensenii, Lactobacillus jensenii 269-3
W6W585	1144310	Rhizobium sp.	Bacteria	6.98	27.0	NA	1, 131567, 2, 1224, 28211, 356, 82115, 227290, 379, 1144310	root, no rank, superkingdom, phylum, class, order, family, no rank, genus, species	root, cellular organisms, Bacteria, Proteobacteria, Alphaproteobacteria, Rhizobiales, Rhizobiaceae, Rhizobium/Agrobacterium group, Rhizobium, Rhizobium sp. CF080
Q8EEB0	211586	Shewanella oneidensis	Bacteria	NA	30.0	NA	1, 131567, 2, 1224, 1236, 135622, 267890, 22, 70863, 211586	root, no rank, superkingdom, phylum, class, order, family, genus, species, no rank	root, cellular organisms, Bacteria, Proteobacteria, Gammaproteobacteria, Alteromonadales, Shewanellaceae, Shewanella, Shewanella oneidensis, Shewanella oneidensis MR-1
S5UC18	1366607	Uncultured bacterium	Bacteria	NA	NA	NA	1, 131567, 2, 48479, 1366607	root, no rank, superkingdom, no rank, species	root, cellular organisms, Bacteria, environmental samples, uncultured bacterium esnapd26
A0A0A8UQ43	449	Legionella hackeliae	Bacteria	6.9	37.0	NA	1, 131567, 2, 1224, 1236, 118969, 444, 445, 449	root, no rank, superkingdom, phylum, class, order, family, genus, species	root, cellular organisms, Bacteria, Proteobacteria, Gammaproteobacteria, Legionellales, Legionellaceae, Legionella, Legionella hackeliae
B8LUI6	441959	Talaromyces stipitatus	Eukaryota	5.6	25.0	NA	1, 131567, 2759, 33154, 4751, 451864, 4890, 716545, 147538, 716546, 147545, 451871, 5042, 28568, 5094, 28564, 441959	root, no rank, superkingdom, no rank, kingdom, subkingdom, phylum, no rank, subphylum, no rank, class, subclass, order, family, genus, species, no rank	root, cellular organisms, Eukaryota, Opisthokonta, Fungi, Dikarya, Ascomycota, saccharomyceta, Pezizomycotina, leotiomyceta, Eurotiomycetes, Eurotiomycetidae, Eurotiales, Trichocomaceae, Talaromyces, Talaromyces stipitatus, Talaromyces stipitatus ATCC 10500
A0A087D1R1	78346	Bifidobacterium ruminantium	Bacteria	6.8	37.0	NA	1, 131567, 2, 1783272, 201174, 1760, 85004, 31953, 1678, 78346	root, no rank, superkingdom, no rank, phylum, class, order, family, genus, species	root, cellular organisms, Bacteria, Terrabacteria group, Actinobacteria, Actinobacteria, Bifidobacteriales, Bifidobacteriaceae, Bifidobacterium, Bifidobacterium ruminantium
F4CRU5	675635	Pseudonocardia dioxanivorans	Bacteria	7.2	27.0	NA	1, 131567, 2, 1783272, 201174, 1760, 85010, 2070, 1847, 240495, 675635	root, no rank, superkingdom, no rank, phylum, class, order, family, genus, species, no rank	root, cellular organisms, Bacteria, Terrabacteria group, Actinobacteria, Actinobacteria, Pseudonocardiales, Pseudonocardiaceae, Pseudonocardia, Pseudonocardia dioxanivorans, Pseudonocardia dioxanivorans CB1190
B7RR92	391589	Roseobacter sp.	Bacteria	7.6	28.0	NA	1, 131567, 2, 1224, 28211, 204455, 31989, 2433, 391589	root, no rank, superkingdom, phylum, class, order, family, genus, species	root, cellular organisms, Bacteria, Proteobacteria, Alphaproteobacteria, Rhodobacterales, Rhodobacteraceae, Roseobacter, Roseobacter sp. GAI101
M2Y0E7	130081	Galdieria sulphuraria	Eukaryota	NA	NA	NA	1, 131567, 2759, 2763, 2797, 265318, 265316, 83373, 130081	root, no rank, superkingdom, no rank, class, order, family, genus, species	root, cellular organisms, Eukaryota, Rhodophyta, Bangiophyceae, Cyanidiales, Cyanidiaceae, Galdieria, Galdieria sulphuraria
B9ST70	3988	Ricinus communis	Eukaryota	NA	NA	NA	1, 131567, 2759, 33090, 35493, 131221, 3193, 58023, 78536, 58024, 3398, 1437183, 71240, 91827, 1437201, 71275, 91835, 3646, 3977, 235629, 235880, 3987, 3988	root, no rank, superkingdom, kingdom, phylum, subphylum, no rank, no rank, no rank, no rank, no rank, no rank, no rank, no rank, no rank, subclass, no rank, order, family, subfamily, tribe, genus, species	root, cellular organisms, Eukaryota, Viridiplantae, Streptophyta, Streptophytina, Embryophyta, Tracheophyta, Euphyllophyta, Spermatophyta, Magnoliophyta, Mesangiospermae, eudicotyledons, Gunneridae, Pentapetalae, rosids, fabids, Malpighiales, Euphorbiaceae, Acalyphoideae, Acalypheae, Ricinus, Ricinus communis
C0XIJ3	1423757	Lactobacillus hilgardii	Bacteria	6.35	33.0	NA	1, 131567, 2, 1783272, 1239, 91061, 186826, 33958, 1578, 1588, 1423757	root, no rank, superkingdom, no rank, phylum, class, order, family, genus, species, no rank	root, cellular organisms, Bacteria, Terrabacteria group, Firmicutes, Bacilli, Lactobacillales, Lactobacillaceae, Lactobacillus, Lactobacillus hilgardii, Lactobacillus hilgardii DSM 20176 = ATCC 8290
A0A0N1ND03	1592327	Actinobacteria bacterium	Bacteria	NA	NA	NA	1, 131567, 2, 1783272, 201174, 1760, 52018, 78537, 1592327	root, no rank, superkingdom, no rank, phylum, class, no rank, no rank, species	root, cellular organisms, Bacteria, Terrabacteria group, Actinobacteria, Actinobacteria, unclassified Actinobacteria (class), unclassified Actinobacteria (class) (miscellaneous), Actinobacteria bacterium OK074
B1HZY7	444177	Lysinibacillus sphaericus	Bacteria	7.02	33.0	NA	1, 131567, 2, 1783272, 1239, 91061, 1385, 186817, 400634, 1421, 444177	root, no rank, superkingdom, no rank, phylum, class, order, family, genus, species, no rank	root, cellular organisms, Bacteria, Terrabacteria group, Firmicutes, Bacilli, Bacillales, Bacillaceae, Lysinibacillus, Lysinibacillus sphaericus, Lysinibacillus sphaericus C3-41
C9Y9E7	667019	Curvibacter putative	Bacteria	NA	NA	NA	1, 131567, 2, 1224, 28216, 80840, 80864, 281915, 667019	root, no rank, superkingdom, phylum, class, order, family, genus, species	root, cellular organisms, Bacteria, Proteobacteria, Betaproteobacteria, Burkholderiales, Comamonadaceae, Curvibacter, Curvibacter putative symbiont of Hydra magnipapillata
A0A0K2B175	278992	Streptomyces ambofaciens	Bacteria	7.2	28.0	NA	1, 131567, 2, 1783272, 201174, 1760, 85011, 2062, 1883, 1889, 278992	root, no rank, superkingdom, no rank, phylum, class, order, family, genus, species, no rank	root, cellular organisms, Bacteria, Terrabacteria group, Actinobacteria, Actinobacteria, Streptomycetales, Streptomycetaceae, Streptomyces, Streptomyces ambofaciens, Streptomyces ambofaciens ATCC 23877
A0A0T8XJ31	1313	Streptococcus pneumoniae	Bacteria	7.38	37.0	NA	1, 131567, 2, 1783272, 1239, 91061, 186826, 1300, 1301, 1313	root, no rank, superkingdom, no rank, phylum, class, order, family, genus, species	root, cellular organisms, Bacteria, Terrabacteria group, Firmicutes, Bacilli, Lactobacillales, Streptococcaceae, Streptococcus, Streptococcus pneumoniae
A4HXL3	5671	Leishmania infantum	Eukaryota	NA	25.0	NA	1, 131567, 2759, 33682, 5653, 5654, 1286322, 5658, 38568, 38574, 5671	root, no rank, superkingdom, no rank, order, family, subfamily, genus, subgenus, species group, species	root, cellular organisms, Eukaryota, Euglenozoa, Kinetoplastida, Trypanosomatidae, Leishmaniinae, Leishmania, Leishmania, Leishmania donovani species complex, Leishmania infantum
A0A0U1AUR2	36809	Mycobacteroides abscessus	Bacteria	NA	NA	NA	1, 131567, 2, 1783272, 201174, 1760, 85007, 1762, 670516, 36809	root, no rank, superkingdom, no rank, phylum, class, order, family, genus, species	root, cellular organisms, Bacteria, Terrabacteria group, Actinobacteria, Actinobacteria, Corynebacteriales, Mycobacteriaceae, Mycobacteroides, Mycobacteroides abscessus
Q2YIX9	359391	Brucella abortus	Bacteria	NA	37.0	NA	1, 131567, 2, 1224, 28211, 356, 118882, 234, 235, 359391	root, no rank, superkingdom, phylum, class, order, family, genus, species, no rank	root, cellular organisms, Bacteria, Proteobacteria, Alphaproteobacteria, Rhizobiales, Brucellaceae, Brucella, Brucella abortus, Brucella abortus 2308
A0A0B2PFM1	3848	Glycine soja	Eukaryota	NA	NA	NA	1, 131567, 2759, 33090, 35493, 131221, 3193, 58023, 78536, 58024, 3398, 1437183, 71240, 91827, 1437201, 71275, 91835, 72025, 3803, 3814, 2231393, 2231382, 2233855, 163735, 3846, 1462606, 3848	root, no rank, superkingdom, kingdom, phylum, subphylum, no rank, no rank, no rank, no rank, no rank, no rank, no rank, no rank, no rank, subclass, no rank, order, family, subfamily, no rank, no rank, no rank, tribe, genus, subgenus, species	root, cellular organisms, Eukaryota, Viridiplantae, Streptophyta, Streptophytina, Embryophyta, Tracheophyta, Euphyllophyta, Spermatophyta, Magnoliophyta, Mesangiospermae, eudicotyledons, Gunneridae, Pentapetalae, rosids, fabids, Fabales, Fabaceae, Papilionoideae, 50 kb inversion clade, NPAAA clade, indigoferoid/millettioid clade, Phaseoleae, Glycine, Soja, Glycine soja
B9WMY6	573826	Candida dubliniensis	Eukaryota	NA	29.0	NA	1, 131567, 2759, 33154, 4751, 451864, 4890, 716545, 147537, 4891, 4892, 766764, 1535325, 1535326, 42374, 573826	root, no rank, superkingdom, no rank, kingdom, subkingdom, phylum, no rank, subphylum, class, order, family, no rank, genus, species, no rank	root, cellular organisms, Eukaryota, Opisthokonta, Fungi, Dikarya, Ascomycota, saccharomyceta, Saccharomycotina, Saccharomycetes, Saccharomycetales, Debaryomycetaceae, Candida/Lodderomyces clade, Candida, Candida dubliniensis, Candida dubliniensis CD36
A0A075HNX4	1456499	Uncultured marine	Archaea	NA	NA	NA	1, 131567, 2157, 28890, 68359, 1456499	root, no rank, superkingdom, phylum, no rank, species	root, cellular organisms, Archaea, Euryarchaeota, environmental samples, uncultured marine group II/III euryarchaeote KM3_72_H01
E1UR06	1423	Bacillus subtilis	Bacteria	7.13	30.0	NA	1, 131567, 2, 1783272, 1239, 91061, 1385, 186817, 1386, 653685, 1423	root, no rank, superkingdom, no rank, phylum, class, order, family, genus, species group, species	root, cellular organisms, Bacteria, Terrabacteria group, Firmicutes, Bacilli, Bacillales, Bacillaceae, Bacillus, Bacillus subtilis group, Bacillus subtilis
A0A0E9C319	706191	Pantoea ananatis	Bacteria	7.08	28.0	NA	1, 131567, 2, 1224, 1236, 91347, 1903409, 53335, 553, 706191	root, no rank, superkingdom, phylum, class, order, family, genus, species, no rank	root, cellular organisms, Bacteria, Proteobacteria, Gammaproteobacteria, Enterobacterales, Erwiniaceae, Pantoea, Pantoea ananatis, Pantoea ananatis LMG 20103
Q9FM84	3702	Arabidopsis thaliana	Eukaryota	NA	NA	NA	1, 131567, 2759, 33090, 35493, 131221, 3193, 58023, 78536, 58024, 3398, 1437183, 71240, 91827, 1437201, 71275, 91836, 3699, 3700, 980083, 3701, 3702	root, no rank, superkingdom, kingdom, phylum, subphylum, no rank, no rank, no rank, no rank, no rank, no rank, no rank, no rank, no rank, subclass, no rank, order, family, tribe, genus, species	root, cellular organisms, Eukaryota, Viridiplantae, Streptophyta, Streptophytina, Embryophyta, Tracheophyta, Euphyllophyta, Spermatophyta, Magnoliophyta, Mesangiospermae, eudicotyledons, Gunneridae, Pentapetalae, rosids, malvids, Brassicales, Brassicaceae, Camelineae, Arabidopsis, Arabidopsis thaliana
M5FLZ5	1297570	Mesorhizobium sp.	Bacteria	NA	30.0	NA	1, 131567, 2, 1224, 28211, 356, 69277, 68287, 1297570	root, no rank, superkingdom, phylum, class, order, family, genus, species	root, cellular organisms, Bacteria, Proteobacteria, Alphaproteobacteria, Rhizobiales, Phyllobacteriaceae, Mesorhizobium, Mesorhizobium sp. STM 4661
A0A0M2HDA7	69370	Microbacterium trichothecenolyticum	Bacteria	7.1	30.0	NA	1, 131567, 2, 1783272, 201174, 1760, 85006, 85023, 33882, 69370	root, no rank, superkingdom, no rank, phylum, class, order, family, genus, species	root, cellular organisms, Bacteria, Terrabacteria group, Actinobacteria, Actinobacteria, Micrococcales, Microbacteriaceae, Microbacterium, Microbacterium trichothecenolyticum
P10867	10116	Rattus norvegicus	Eukaryota	NA	NA	NA	1, 131567, 2759, 33154, 33208, 6072, 33213, 33511, 7711, 89593, 7742, 7776, 117570, 117571, 8287, 1338369, 32523, 32524, 40674, 32525, 9347, 1437010, 314146, 314147, 9989, 1963758, 337687, 10066, 39107, 10114, 10116	root, no rank, superkingdom, no rank, kingdom, no rank, no rank, no rank, phylum, subphylum, no rank, no rank, no rank, no rank, superclass, no rank, no rank, no rank, class, no rank, no rank, no rank, superorder, no rank, order, suborder, no rank, family, subfamily, genus, species	root, cellular organisms, Eukaryota, Opisthokonta, Metazoa, Eumetazoa, Bilateria, Deuterostomia, Chordata, Craniata, Vertebrata, Gnathostomata, Teleostomi, Euteleostomi, Sarcopterygii, Dipnotetrapodomorpha, Tetrapoda, Amniota, Mammalia, Theria, Eutheria, Boreoeutheria, Euarchontoglires, Glires, Rodentia, Myomorpha, Muroidea, Muridae, Murinae, Rattus, Rattus norvegicus
I0K1R9	1166018	Fibrella aestuarina	Bacteria	7.2	28.0	NA	1, 131567, 2, 1783270, 68336, 976, 768503, 768507, 89373, 861914, 651143, 1166018	root, no rank, superkingdom, no rank, no rank, phylum, class, order, family, genus, species, no rank	root, cellular organisms, Bacteria, FCB group, Bacteroidetes/Chlorobi group, Bacteroidetes, Cytophagia, Cytophagales, Cytophagaceae, Fibrella, Fibrella aestuarina, Fibrella aestuarina BUZ 2
M5CRB8	1118156	Stenotrophomonas maltophilia	Bacteria	7.27	30.0	NA	1, 131567, 2, 1224, 1236, 135614, 32033, 40323, 995085, 40324, 1118156	root, no rank, superkingdom, phylum, class, order, family, genus, species group, species, no rank	root, cellular organisms, Bacteria, Proteobacteria, Gammaproteobacteria, Xanthomonadales, Xanthomonadaceae, Stenotrophomonas, Stenotrophomonas maltophilia group, Stenotrophomonas maltophilia, Stenotrophomonas maltophilia SKK35
A0A0N0N256	1592326	Actinobacteria bacterium	Bacteria	NA	NA	NA	1, 131567, 2, 1783272, 201174, 1760, 52018, 78537, 1592326	root, no rank, superkingdom, no rank, phylum, class, no rank, no rank, species	root, cellular organisms, Bacteria, Terrabacteria group, Actinobacteria, Actinobacteria, unclassified Actinobacteria (class), unclassified Actinobacteria (class) (miscellaneous), Actinobacteria bacterium OK006
A0A024H7W1	861266	Pseudarthrobacter siccitolerans	Bacteria	NA	NA	NA	1, 131567, 2, 1783272, 201174, 1760, 85006, 1268, 1742993, 861266	root, no rank, superkingdom, no rank, phylum, class, order, family, genus, species	root, cellular organisms, Bacteria, Terrabacteria group, Actinobacteria, Actinobacteria, Micrococcales, Micrococcaceae, Pseudarthrobacter, Pseudarthrobacter siccitolerans
G8Q6J7	1114970	Pseudomonas fluorescens	Bacteria	7.07	28.0	NA	1, 131567, 2, 1224, 1236, 72274, 135621, 286, 136843, 294, 1114970	root, no rank, superkingdom, phylum, class, order, family, genus, species group, species, no rank	root, cellular organisms, Bacteria, Proteobacteria, Gammaproteobacteria, Pseudomonadales, Pseudomonadaceae, Pseudomonas, Pseudomonas fluorescens group, Pseudomonas fluorescens, Pseudomonas fluorescens F113
A9KFF0	434922	Coxiella burnetii	Bacteria	NA	NA	NA	1, 131567, 2, 1224, 1236, 118969, 118968, 776, 777, 434922	root, no rank, superkingdom, phylum, class, order, family, genus, species, no rank	root, cellular organisms, Bacteria, Proteobacteria, Gammaproteobacteria, Legionellales, Coxiellaceae, Coxiella, Coxiella burnetii, Coxiella burnetii Dugway 5J108-111
D7UQ40	48100	Alternaria solani	Eukaryota	7.2	24.0	NA	1, 131567, 2759, 33154, 4751, 451864, 4890, 716545, 147538, 716546, 715962, 147541, 451868, 92860, 715340, 28556, 5598, 48100	root, no rank, superkingdom, no rank, kingdom, subkingdom, phylum, no rank, subphylum, no rank, no rank, class, subclass, order, suborder, family, genus, species	root, cellular organisms, Eukaryota, Opisthokonta, Fungi, Dikarya, Ascomycota, saccharomyceta, Pezizomycotina, leotiomyceta, dothideomyceta, Dothideomycetes, Pleosporomycetidae, Pleosporales, Pleosporineae, Pleosporaceae, Alternaria, Alternaria solani
G9A9S4	1117943	Sinorhizobium fredii	Bacteria	7.0	28.0	NA	1, 131567, 2, 1224, 28211, 356, 82115, 227292, 28105, 663276, 380, 1117943	root, no rank, superkingdom, phylum, class, order, family, no rank, genus, no rank, species, no rank	root, cellular organisms, Bacteria, Proteobacteria, Alphaproteobacteria, Rhizobiales, Rhizobiaceae, Sinorhizobium/Ensifer group, Sinorhizobium, Sinorhizobium fredii group, Sinorhizobium fredii, Sinorhizobium fredii HH103
I7KK15	883169	Corynebacterium otitidis	Bacteria	NA	NA	NA	1, 131567, 2, 1783272, 201174, 1760, 85007, 1653, 1716, 29321, 883169	root, no rank, superkingdom, no rank, phylum, class, order, family, genus, species, no rank	root, cellular organisms, Bacteria, Terrabacteria group, Actinobacteria, Actinobacteria, Corynebacteriales, Corynebacteriaceae, Corynebacterium, Corynebacterium otitidis, Corynebacterium otitidis ATCC 51513
I9UMF5	992060	Helicobacter pylori	Bacteria	NA	37.0	PF02754	1, 131567, 2, 1224, 68525, 29547, 213849, 72293, 209, 210, 992060	root, no rank, superkingdom, phylum, subphylum, class, order, family, genus, species, no rank	root, cellular organisms, Bacteria, Proteobacteria, delta/epsilon subdivisions, Epsilonproteobacteria, Campylobacterales, Helicobacteraceae, Helicobacter, Helicobacter pylori, Helicobacter pylori Hp H-4
H0RSU3	115808	Bradyrhizobium sp.	Bacteria	7.0	27.0	NA	1, 131567, 2, 1224, 28211, 356, 41294, 374, 115808	root, no rank, superkingdom, phylum, class, order, family, genus, species	root, cellular organisms, Bacteria, Proteobacteria, Alphaproteobacteria, Rhizobiales, Bradyrhizobiaceae, Bradyrhizobium, Bradyrhizobium sp. ORS 285
G6FBF9	1042402	Lactococcus lactis	Bacteria	7.04	31.0	PF02754	1, 131567, 2, 1783272, 1239, 91061, 186826, 1300, 1357, 1358, 1360, 1042402	root, no rank, superkingdom, no rank, phylum, class, order, family, genus, species, subspecies, no rank	root, cellular organisms, Bacteria, Terrabacteria group, Firmicutes, Bacilli, Lactobacillales, Streptococcaceae, Lactococcus, Lactococcus lactis, Lactococcus lactis subsp. lactis, Lactococcus lactis subsp. lactis CNCM I-1631
Q96Y72	273063	Sulfurisphaera tokodaii	Archaea	NA	NA	NA	1, 131567, 2157, 1783275, 28889, 183924, 2281, 118883, 69655, 111955, 273063	root, no rank, superkingdom, no rank, phylum, class, order, family, genus, species, no rank	root, cellular organisms, Archaea, TACK group, Crenarchaeota, Thermoprotei, Sulfolobales, Sulfolobaceae, Sulfurisphaera, Sulfurisphaera tokodaii, Sulfurisphaera tokodaii str. 7
F5SJF3	997346	Desmospora sp.	Bacteria	NA	NA	NA	1, 131567, 2, 1783272, 1239, 91061, 1385, 186824, 500614, 997346	root, no rank, superkingdom, no rank, phylum, class, order, family, genus, species	root, cellular organisms, Bacteria, Terrabacteria group, Firmicutes, Bacilli, Bacillales, Thermoactinomycetaceae, Desmospora, Desmospora sp. 8437
S6BUT8	1248727	Endosymbiont of	Bacteria	NA	NA	PF02754	1, 131567, 2, 1224, 1236, 118884, 33811, 1248727	root, no rank, superkingdom, phylum, class, no rank, no rank, species	root, cellular organisms, Bacteria, Proteobacteria, Gammaproteobacteria, unclassified Gammaproteobacteria, unclassified Gammaproteobacteria (miscellaneous), endosymbiont of unidentified scaly snail isolate Monju
Q6L2S0	263820	Picrophilus torridus	Archaea	1.5	55.0	NA	1, 131567, 2157, 28890, 2283796, 183967, 2301, 46630, 46631, 82076, 263820	root, no rank, superkingdom, phylum, no rank, class, order, family, genus, species, no rank	root, cellular organisms, Archaea, Euryarchaeota, Diaforarchaea group, Thermoplasmata, Thermoplasmatales, Picrophilaceae, Picrophilus, Picrophilus torridus, Picrophilus torridus DSM 9790
G4CXE1	997355	Cutibacterium avidum	Bacteria	NA	37.0	PF02754	1, 131567, 2, 1783272, 201174, 1760, 85009, 31957, 1912216, 33010, 997355	root, no rank, superkingdom, no rank, phylum, class, order, family, genus, species, no rank	root, cellular organisms, Bacteria, Terrabacteria group, Actinobacteria, Actinobacteria, Propionibacteriales, Propionibacteriaceae, Cutibacterium, Cutibacterium avidum, Cutibacterium avidum ATCC 25577
A5CXB1	412965	Candidatus vesicomyosocius	Bacteria	NA	NA	NA	1, 131567, 2, 1224, 1236, 118884, 32036, 410330, 412965	root, no rank, superkingdom, phylum, class, no rank, no rank, species, no rank	root, cellular organisms, Bacteria, Proteobacteria, Gammaproteobacteria, unclassified Gammaproteobacteria, sulfur-oxidizing symbionts, Calyptogena okutanii thioautotrophic gill symbiont, Candidatus Vesicomyosocius okutanii HA
A0A0J6VVN5	37916	Mycolicibacterium chlorophenolicum	Bacteria	NA	NA	NA	1, 131567, 2, 1783272, 201174, 1760, 85007, 1762, 1866885, 37916	root, no rank, superkingdom, no rank, phylum, class, order, family, genus, species	root, cellular organisms, Bacteria, Terrabacteria group, Actinobacteria, Actinobacteria, Corynebacteriales, Mycobacteriaceae, Mycolicibacterium, Mycolicibacterium chlorophenolicum
M5C2L8	1108050	Rhizoctonia solani	Eukaryota	5.6	24.0	PF05199	1, 131567, 2759, 33154, 4751, 451864, 5204, 5302, 155619, 355688, 36064, 5250, 1322061, 456999, 1108050	root, no rank, superkingdom, no rank, kingdom, subkingdom, phylum, subphylum, class, no rank, order, family, genus, species, no rank	root, cellular organisms, Eukaryota, Opisthokonta, Fungi, Dikarya, Basidiomycota, Agaricomycotina, Agaricomycetes, Agaricomycetes incertae sedis, Cantharellales, Ceratobasidiaceae, Rhizoctonia, Rhizoctonia solani, Rhizoctonia solani AG-1 IB
A0A0C4YFD9	68895	Cupriavidus basilensis	Bacteria	7.15	28.0	NA	1, 131567, 2, 1224, 28216, 80840, 119060, 106589, 68895	root, no rank, superkingdom, phylum, class, order, family, genus, species	root, cellular organisms, Bacteria, Proteobacteria, Betaproteobacteria, Burkholderiales, Burkholderiaceae, Cupriavidus, Cupriavidus basilensis
Q4WCK6	330879	Aspergillus fumigatus	Eukaryota	5.6	26.0	NA	1, 131567, 2759, 33154, 4751, 451864, 4890, 716545, 147538, 716546, 147545, 451871, 5042, 1131492, 5052, 746128, 330879	root, no rank, superkingdom, no rank, kingdom, subkingdom, phylum, no rank, subphylum, no rank, class, subclass, order, family, genus, species, no rank	root, cellular organisms, Eukaryota, Opisthokonta, Fungi, Dikarya, Ascomycota, saccharomyceta, Pezizomycotina, leotiomyceta, Eurotiomycetes, Eurotiomycetidae, Eurotiales, Aspergillaceae, Aspergillus, Aspergillus fumigatus, Aspergillus fumigatus Af293
M5CC52	1108050	Rhizoctonia solani	Eukaryota	5.6	24.0	NA	1, 131567, 2759, 33154, 4751, 451864, 5204, 5302, 155619, 355688, 36064, 5250, 1322061, 456999, 1108050	root, no rank, superkingdom, no rank, kingdom, subkingdom, phylum, subphylum, class, no rank, order, family, genus, species, no rank	root, cellular organisms, Eukaryota, Opisthokonta, Fungi, Dikarya, Basidiomycota, Agaricomycotina, Agaricomycetes, Agaricomycetes incertae sedis, Cantharellales, Ceratobasidiaceae, Rhizoctonia, Rhizoctonia solani, Rhizoctonia solani AG-1 IB
M5F6A5	1297570	Mesorhizobium sp.	Bacteria	NA	30.0	NA	1, 131567, 2, 1224, 28211, 356, 69277, 68287, 1297570	root, no rank, superkingdom, phylum, class, order, family, genus, species	root, cellular organisms, Bacteria, Proteobacteria, Alphaproteobacteria, Rhizobiales, Phyllobacteriaceae, Mesorhizobium, Mesorhizobium sp. STM 4661
B8LTH8	441959	Talaromyces stipitatus	Eukaryota	5.6	25.0	NA	1, 131567, 2759, 33154, 4751, 451864, 4890, 716545, 147538, 716546, 147545, 451871, 5042, 28568, 5094, 28564, 441959	root, no rank, superkingdom, no rank, kingdom, subkingdom, phylum, no rank, subphylum, no rank, class, subclass, order, family, genus, species, no rank	root, cellular organisms, Eukaryota, Opisthokonta, Fungi, Dikarya, Ascomycota, saccharomyceta, Pezizomycotina, leotiomyceta, Eurotiomycetes, Eurotiomycetidae, Eurotiales, Trichocomaceae, Talaromyces, Talaromyces stipitatus, Talaromyces stipitatus ATCC 10500
D5KB61	68895	Cupriavidus basilensis	Bacteria	7.15	28.0	PF00732, PF05199	1, 131567, 2, 1224, 28216, 80840, 119060, 106589, 68895	root, no rank, superkingdom, phylum, class, order, family, genus, species	root, cellular organisms, Bacteria, Proteobacteria, Betaproteobacteria, Burkholderiales, Burkholderiaceae, Cupriavidus, Cupriavidus basilensis
A9WL67	288705	Renibacterium salmoninarum	Bacteria	6.5	16.0	PF07859	1, 131567, 2, 1783272, 201174, 1760, 85006, 1268, 1645, 1646, 288705	root, no rank, superkingdom, no rank, phylum, class, order, family, genus, species, no rank	root, cellular organisms, Bacteria, Terrabacteria group, Actinobacteria, Actinobacteria, Micrococcales, Micrococcaceae, Renibacterium, Renibacterium salmoninarum, Renibacterium salmoninarum ATCC 33209
A0A0F4YPS7	1408163	Rasamsonia emersonii	Eukaryota	NA	NA	NA	1, 131567, 2759, 33154, 4751, 451864, 4890, 716545, 147538, 716546, 147545, 451871, 5042, 28568, 1132856, 68825, 1408163	root, no rank, superkingdom, no rank, kingdom, subkingdom, phylum, no rank, subphylum, no rank, class, subclass, order, family, genus, species, no rank	root, cellular organisms, Eukaryota, Opisthokonta, Fungi, Dikarya, Ascomycota, saccharomyceta, Pezizomycotina, leotiomyceta, Eurotiomycetes, Eurotiomycetidae, Eurotiales, Trichocomaceae, Rasamsonia, Rasamsonia emersonii, Rasamsonia emersonii CBS 393.64
C9YDG8	667019	Curvibacter putative	Bacteria	NA	NA	NA	1, 131567, 2, 1224, 28216, 80840, 80864, 281915, 667019	root, no rank, superkingdom, phylum, class, order, family, genus, species	root, cellular organisms, Bacteria, Proteobacteria, Betaproteobacteria, Burkholderiales, Comamonadaceae, Curvibacter, Curvibacter putative symbiont of Hydra magnipapillata
A0A0F8CXS8	88771	Ceratocystis platani	Eukaryota	NA	NA	NA	1, 131567, 2759, 33154, 4751, 451864, 4890, 716545, 147538, 716546, 715989, 147550, 222543, 5592, 1028423, 5157, 88771	root, no rank, superkingdom, no rank, kingdom, subkingdom, phylum, no rank, subphylum, no rank, no rank, class, subclass, order, family, genus, species	root, cellular organisms, Eukaryota, Opisthokonta, Fungi, Dikarya, Ascomycota, saccharomyceta, Pezizomycotina, leotiomyceta, sordariomyceta, Sordariomycetes, Hypocreomycetidae, Microascales, Ceratocystidaceae, Ceratocystis, Ceratocystis platani
A1R258	290340	Paenarthrobacter aurescens	Bacteria	NA	30.0	NA	1, 131567, 2, 1783272, 201174, 1760, 85006, 1268, 1742992, 43663, 290340	root, no rank, superkingdom, no rank, phylum, class, order, family, genus, species, no rank	root, cellular organisms, Bacteria, Terrabacteria group, Actinobacteria, Actinobacteria, Micrococcales, Micrococcaceae, Paenarthrobacter, Paenarthrobacter aurescens, Paenarthrobacter aurescens TC1
B7QMD1	6945	Ixodes scapularis	Eukaryota	NA	NA	NA	1, 131567, 2759, 33154, 33208, 6072, 33213, 33317, 1206794, 88770, 6656, 6843, 6854, 6933, 6934, 6935, 297308, 6939, 426442, 6944, 6945	root, no rank, superkingdom, no rank, kingdom, no rank, no rank, no rank, no rank, no rank, phylum, subphylum, class, subclass, superorder, order, superfamily, family, subfamily, genus, species	root, cellular organisms, Eukaryota, Opisthokonta, Metazoa, Eumetazoa, Bilateria, Protostomia, Ecdysozoa, Panarthropoda, Arthropoda, Chelicerata, Arachnida, Acari, Parasitiformes, Ixodida, Ixodoidea, Ixodidae, Ixodinae, Ixodes, Ixodes scapularis
A2QK04	425011	Aspergillus niger	Eukaryota	5.6	26.0	NA	1, 131567, 2759, 33154, 4751, 451864, 4890, 716545, 147538, 716546, 147545, 451871, 5042, 1131492, 5052, 5061, 425011	root, no rank, superkingdom, no rank, kingdom, subkingdom, phylum, no rank, subphylum, no rank, class, subclass, order, family, genus, species, no rank	root, cellular organisms, Eukaryota, Opisthokonta, Fungi, Dikarya, Ascomycota, saccharomyceta, Pezizomycotina, leotiomyceta, Eurotiomycetes, Eurotiomycetidae, Eurotiales, Aspergillaceae, Aspergillus, Aspergillus niger, Aspergillus niger CBS 513.88
A2QIB9	425011	Aspergillus niger	Eukaryota	5.6	26.0	NA	1, 131567, 2759, 33154, 4751, 451864, 4890, 716545, 147538, 716546, 147545, 451871, 5042, 1131492, 5052, 5061, 425011	root, no rank, superkingdom, no rank, kingdom, subkingdom, phylum, no rank, subphylum, no rank, class, subclass, order, family, genus, species, no rank	root, cellular organisms, Eukaryota, Opisthokonta, Fungi, Dikarya, Ascomycota, saccharomyceta, Pezizomycotina, leotiomyceta, Eurotiomycetes, Eurotiomycetidae, Eurotiales, Aspergillaceae, Aspergillus, Aspergillus niger, Aspergillus niger CBS 513.88
A0A0U0H6R2	1313	Streptococcus pneumoniae	Bacteria	7.38	37.0	PF01266, PF16901	1, 131567, 2, 1783272, 1239, 91061, 186826, 1300, 1301, 1313	root, no rank, superkingdom, no rank, phylum, class, order, family, genus, species	root, cellular organisms, Bacteria, Terrabacteria group, Firmicutes, Bacilli, Lactobacillales, Streptococcaceae, Streptococcus, Streptococcus pneumoniae
B9THK9	3988	Ricinus communis	Eukaryota	NA	NA	PF01266	1, 131567, 2759, 33090, 35493, 131221, 3193, 58023, 78536, 58024, 3398, 1437183, 71240, 91827, 1437201, 71275, 91835, 3646, 3977, 235629, 235880, 3987, 3988	root, no rank, superkingdom, kingdom, phylum, subphylum, no rank, no rank, no rank, no rank, no rank, no rank, no rank, no rank, no rank, subclass, no rank, order, family, subfamily, tribe, genus, species	root, cellular organisms, Eukaryota, Viridiplantae, Streptophyta, Streptophytina, Embryophyta, Tracheophyta, Euphyllophyta, Spermatophyta, Magnoliophyta, Mesangiospermae, eudicotyledons, Gunneridae, Pentapetalae, rosids, fabids, Malpighiales, Euphorbiaceae, Acalyphoideae, Acalypheae, Ricinus, Ricinus communis
A0A0U5IDX7	610332	Thiocapsa sp.	Bacteria	NA	NA	PF01266, PF16901	1, 131567, 2, 1224, 1236, 135613, 1046, 1056, 610332	root, no rank, superkingdom, phylum, class, order, family, genus, species	root, cellular organisms, Bacteria, Proteobacteria, Gammaproteobacteria, Chromatiales, Chromatiaceae, Thiocapsa, Thiocapsa sp. KS1
A0A0U5Q3L4	1390	Bacillus amyloliquefaciens	Bacteria	7.0	31.0	NA	1, 131567, 2, 1783272, 1239, 91061, 1385, 186817, 1386, 653685, 1938374, 1390	root, no rank, superkingdom, no rank, phylum, class, order, family, genus, species group, species subgroup, species	root, cellular organisms, Bacteria, Terrabacteria group, Firmicutes, Bacilli, Bacillales, Bacillaceae, Bacillus, Bacillus subtilis group, Bacillus amyloliquefaciens group, Bacillus amyloliquefaciens
Q1LC23	266264	Cupriavidus metallidurans	Bacteria	6.9	30.0	PF01266, PF16901	1, 131567, 2, 1224, 28216, 80840, 119060, 106589, 119219, 266264	root, no rank, superkingdom, phylum, class, order, family, genus, species, no rank	root, cellular organisms, Bacteria, Proteobacteria, Betaproteobacteria, Burkholderiales, Burkholderiaceae, Cupriavidus, Cupriavidus metallidurans, Cupriavidus metallidurans CH34
U3TSG9	1247189	Streptococcus dysgalactiae	Bacteria	7.1	37.0	NA	1, 131567, 2, 1783272, 1239, 91061, 186826, 1300, 1301, 119603, 1334, 119602, 1247189	root, no rank, superkingdom, no rank, phylum, class, order, family, genus, species group, species, subspecies, no rank	root, cellular organisms, Bacteria, Terrabacteria group, Firmicutes, Bacilli, Lactobacillales, Streptococcaceae, Streptococcus, Streptococcus dysgalactiae group, Streptococcus dysgalactiae, Streptococcus dysgalactiae subsp. equisimilis, Streptococcus dysgalactiae subsp. equisimilis 167
Q3AMA9	110662	Synechococcus sp.	Bacteria	NA	21.0	PF01266, PF16901	1, 131567, 2, 1783272, 1798711, 1117, 1890424, 1890426, 1129, 110662	root, no rank, superkingdom, no rank, no rank, phylum, order, family, genus, species	root, cellular organisms, Bacteria, Terrabacteria group, Cyanobacteria/Melainabacteria group, Cyanobacteria, Synechococcales, Synechococcaceae, Synechococcus, Synechococcus sp. CC9605
B0STP5	456481	Leptospira biflexa	Bacteria	NA	29.0	PF01266, PF16901	1, 131567, 2, 203691, 203692, 1643688, 170, 171, 172, 145259, 456481	root, no rank, superkingdom, phylum, class, no rank, family, genus, species, no rank, no rank	root, cellular organisms, Bacteria, Spirochaetes, Spirochaetia, Leptospirales, Leptospiraceae, Leptospira, Leptospira biflexa, Leptospira biflexa serovar Patoc, Leptospira biflexa serovar Patoc strain 'Patoc 1 (Paris)'
B0ED25	370354	Entamoeba dispar	Eukaryota	NA	35.0	NA	1, 131567, 2759, 554915, 555406, 33084, 5758, 46681, 370354	root, no rank, superkingdom, no rank, no rank, family, genus, species, no rank	root, cellular organisms, Eukaryota, Amoebozoa, Archamoebae, Entamoebidae, Entamoeba, Entamoeba dispar, Entamoeba dispar SAW760
A0A017H745	1122180	Limimaricola hongkongensis	Bacteria	NA	NA	PF01266	1, 131567, 2, 1224, 28211, 204455, 31989, 2211638, 278132, 1122180	root, no rank, superkingdom, phylum, class, order, family, genus, species, no rank	root, cellular organisms, Bacteria, Proteobacteria, Alphaproteobacteria, Rhodobacterales, Rhodobacteraceae, Limimaricola, Limimaricola hongkongensis, Limimaricola hongkongensis DSM 17492
C3MKW7	429572	Sulfolobus islandicus	Archaea	NA	NA	PF01266	1, 131567, 2157, 1783275, 28889, 183924, 2281, 118883, 2284, 43080, 429572	root, no rank, superkingdom, no rank, phylum, class, order, family, genus, species, no rank	root, cellular organisms, Archaea, TACK group, Crenarchaeota, Thermoprotei, Sulfolobales, Sulfolobaceae, Sulfolobus, Sulfolobus islandicus, Sulfolobus islandicus L.S.2.15
H8W5V1	1163748	Marinobacter hydrocarbonoclasticus	Bacteria	7.58	28.0	PF01266, PF16901	1, 131567, 2, 1224, 1236, 135622, 72275, 2742, 2743, 1163748	root, no rank, superkingdom, phylum, class, order, family, genus, species, no rank	root, cellular organisms, Bacteria, Proteobacteria, Gammaproteobacteria, Alteromonadales, Alteromonadaceae, Marinobacter, Marinobacter hydrocarbonoclasticus, Marinobacter hydrocarbonoclasticus ATCC 49840
A0A0G8CLL3	1890302	Bacillus wiedmannii	Bacteria	NA	NA	PF01168	1, 131567, 2, 1783272, 1239, 91061, 1385, 186817, 1386, 86661, 1890302	root, no rank, superkingdom, no rank, phylum, class, order, family, genus, species group, species	root, cellular organisms, Bacteria, Terrabacteria group, Firmicutes, Bacilli, Bacillales, Bacillaceae, Bacillus, Bacillus cereus group, Bacillus wiedmannii
M9TNS6	1919	Streptomyces microflavus	Bacteria	7.19	27.0	NA	1, 131567, 2, 1783272, 201174, 1760, 85011, 2062, 1883, 629295, 1482601, 1919	root, no rank, superkingdom, no rank, phylum, class, order, family, genus, species subgroup, no rank, species	root, cellular organisms, Bacteria, Terrabacteria group, Actinobacteria, Actinobacteria, Streptomycetales, Streptomycetaceae, Streptomyces, Streptomyces griseus group, Streptomyces microflavus subgroup, Streptomyces microflavus
A0A0S4K8U9	1706231	Janthinobacterium sp.	Bacteria	NA	NA	NA	1, 131567, 2, 1224, 28216, 80840, 75682, 29580, 1706231	root, no rank, superkingdom, phylum, class, order, family, genus, species	root, cellular organisms, Bacteria, Proteobacteria, Betaproteobacteria, Burkholderiales, Oxalobacteraceae, Janthinobacterium, Janthinobacterium sp. CG23_2
A0A0N9XAQ2	1766	Mycolicibacterium fortuitum	Bacteria	NA	NA	PF01168	1, 131567, 2, 1783272, 201174, 1760, 85007, 1762, 1866885, 1766	root, no rank, superkingdom, no rank, phylum, class, order, family, genus, species	root, cellular organisms, Bacteria, Terrabacteria group, Actinobacteria, Actinobacteria, Corynebacteriales, Mycobacteriaceae, Mycolicibacterium, Mycolicibacterium fortuitum
A0A0D6SSY4	1604022	Pseudomonas sp.	Bacteria	7.08	29.0	PF01168	1, 131567, 2, 1224, 1236, 72274, 135621, 286, 1604022	root, no rank, superkingdom, phylum, class, order, family, genus, species	root, cellular organisms, Bacteria, Proteobacteria, Gammaproteobacteria, Pseudomonadales, Pseudomonadaceae, Pseudomonas, Pseudomonas sp. FeS53a
A0A0H5CS89	1653480	Alloactinosynnema sp.	Bacteria	NA	NA	PF01168	1, 131567, 2, 1783272, 201174, 1760, 85010, 2070, 674734, 1653480	root, no rank, superkingdom, no rank, phylum, class, order, family, genus, species	root, cellular organisms, Bacteria, Terrabacteria group, Actinobacteria, Actinobacteria, Pseudonocardiales, Pseudonocardiaceae, Alloactinosynnema, Alloactinosynnema sp. L-07
A0A0K2HX31	652616	Mycobacterium tuberculosis	Bacteria	NA	37.0	NA	1, 131567, 2, 1783272, 201174, 1760, 85007, 1762, 1763, 77643, 1773, 652616	root, no rank, superkingdom, no rank, phylum, class, order, family, genus, species group, species, no rank	root, cellular organisms, Bacteria, Terrabacteria group, Actinobacteria, Actinobacteria, Corynebacteriales, Mycobacteriaceae, Mycobacterium, Mycobacterium tuberculosis complex, Mycobacterium tuberculosis, Mycobacterium tuberculosis str. Erdman = ATCC 35801
A0A0I9NPR5	573	Klebsiella pneumoniae	Bacteria	7.07	34.0	NA	1, 131567, 2, 1224, 1236, 91347, 543, 570, 573	root, no rank, superkingdom, phylum, class, order, family, genus, species	root, cellular organisms, Bacteria, Proteobacteria, Gammaproteobacteria, Enterobacterales, Enterobacteriaceae, Klebsiella, Klebsiella pneumoniae
A0A0W0REL6	28082	Legionella anisa	Bacteria	6.9	37.0	NA	1, 131567, 2, 1224, 1236, 118969, 444, 445, 28082	root, no rank, superkingdom, phylum, class, order, family, genus, species	root, cellular organisms, Bacteria, Proteobacteria, Gammaproteobacteria, Legionellales, Legionellaceae, Legionella, Legionella anisa
Q8J2V8	40145	Tricholoma matsutake	Eukaryota	6.05	23.0	NA	1, 131567, 2759, 33154, 4751, 451864, 5204, 5302, 155619, 452333, 5338, 5351, 40144, 40145	root, no rank, superkingdom, no rank, kingdom, subkingdom, phylum, subphylum, class, subclass, order, family, genus, species	root, cellular organisms, Eukaryota, Opisthokonta, Fungi, Dikarya, Basidiomycota, Agaricomycotina, Agaricomycetes, Agaricomycetidae, Agaricales, Tricholomataceae, Tricholoma, Tricholoma matsutake
A0A085F5E1	1502724	Devosia sp.	Bacteria	NA	28.0	PF00732, PF05199	1, 131567, 2, 1224, 28211, 356, 45401, 46913, 1502724	root, no rank, superkingdom, phylum, class, order, family, genus, species	root, cellular organisms, Bacteria, Proteobacteria, Alphaproteobacteria, Rhizobiales, Hyphomicrobiaceae, Devosia, Devosia sp. LC5
A0A0G4JCR8	93218	Pandoraea apista	Bacteria	7.3	37.0	PF05199	1, 131567, 2, 1224, 28216, 80840, 119060, 93217, 93218	root, no rank, superkingdom, phylum, class, order, family, genus, species	root, cellular organisms, Bacteria, Proteobacteria, Betaproteobacteria, Burkholderiales, Burkholderiaceae, Pandoraea, Pandoraea apista
J7LVS7	1118963	Arthrobacter sp.	Bacteria	7.15	29.0	PF00732, PF05199	1, 131567, 2, 1783272, 201174, 1760, 85006, 1268, 1663, 1118963	root, no rank, superkingdom, no rank, phylum, class, order, family, genus, species	root, cellular organisms, Bacteria, Terrabacteria group, Actinobacteria, Actinobacteria, Micrococcales, Micrococcaceae, Arthrobacter, Arthrobacter sp. Rue61a
G4HXT0	931627	Mycolicibacterium rhodesiae	Bacteria	NA	NA	PF01266, PF05199	1, 131567, 2, 1783272, 201174, 1760, 85007, 1762, 1866885, 36814, 931627	root, no rank, superkingdom, no rank, phylum, class, order, family, genus, species, no rank	root, cellular organisms, Bacteria, Terrabacteria group, Actinobacteria, Actinobacteria, Corynebacteriales, Mycobacteriaceae, Mycolicibacterium, Mycolicibacterium rhodesiae, Mycolicibacterium rhodesiae JS60
I4EXQ4	477641	Modestobacter marinus	Bacteria	7.2	28.0	PF00732, PF05199	1, 131567, 2, 1783272, 201174, 1760, 1643682, 85030, 88138, 477641	root, no rank, superkingdom, no rank, phylum, class, order, family, genus, species	root, cellular organisms, Bacteria, Terrabacteria group, Actinobacteria, Actinobacteria, Geodermatophilales, Geodermatophilaceae, Modestobacter, Modestobacter marinus
A0A0N1GNK6	1592327	Actinobacteria bacterium	Bacteria	NA	NA	PF00732, PF05199	1, 131567, 2, 1783272, 201174, 1760, 52018, 78537, 1592327	root, no rank, superkingdom, no rank, phylum, class, no rank, no rank, species	root, cellular organisms, Bacteria, Terrabacteria group, Actinobacteria, Actinobacteria, unclassified Actinobacteria (class), unclassified Actinobacteria (class) (miscellaneous), Actinobacteria bacterium OK074