uniprot_id	ec	org	temp	selected
B7N6P4	1.1.3.15	escherichia coli	35	True
A0A0M7LBC1	1.1.3.15	achromobacter sp	28	True
A0A0U5XJG3	1.1.3.15	serratia marcescens	29	True
Q6MTY6	1.1.3.21	mycoplasma mycoides	37	True
A0A090SES2	1.1.3.15	vibrio variabilis	28	True
A0A0U5JSS4	1.1.3.15	clostridium sp.	35	True
A0A011R8E6	1.1.3.15	candidatus accumulibacter	None	True
A0A0J6V898	1.1.3.15	mycobacterium chubuense	37	True
A0A0A1ZY49	1.1.3.15	prochlorococcus marinus	20	True
A0A0M2H872	1.1.3.15	microbacterium ketosireducens	30	True
A0A0F8B4A0	1.1.3.15	ceratocystis fimbriata	24	True
F9EP79	1.1.3.21	fusobacterium nucleatum	37	True
A0A0W0VV04	1.1.3.15	legionella maceachernii	None	True
A0A0D6UPR3	1.1.3.15	streptomyces griseus	27	True
A0A0L6Z980	1.1.3.15	clostridium homopropionicum	36	True
A0A0H6BK84	1.1.3.15	vibrio cholerae	35	True
S0FWI7	1.1.3.15	desulfotignum phosphitoxidans	30	True
A0A0F0C8R9	1.1.3.15	clostridium sp.	35	True
A0A0P1DE25	1.1.3.15	pseudomonas aeruginosa	34	True
A0A090SY56	1.1.3.15	vibrio maritimus	28	False
A0A011QK89	1.1.3.15	candidatus accumulibacter	None	False
K1KWG0	1.1.3.15	cecembia lonarensis	None	False
R0EVG9	1.1.3.15	salmonella enterica	35	False
A0A0R3K2G2	1.1.3.15	caloramator mitchellensis	50	False
A0A0N7HBH8	1.1.3.15	thaumarchaeota archaeon	None	False
A0A0F7Y5G1	1.1.3.15	pseudomonas sp.	28	False
A0A0F6RW60	1.1.3.15	pseudomonas aeruginosa	34	False
U4KM46	1.1.3.21	acholeplasma brassicae	30	False
A0A0N7J9N3	1.1.3.15	limnohabitans sp.	None	False
A0A0T9WB25	1.1.3.15	salmonella enterica	35	False
A0A0W0TJM4	1.1.3.15	legionella erythra	37	False
X5JVY4	1.1.3.15	richelia intracellularis	None	False
A0A0F0CCR9	1.1.3.15	clostridium sp.	35	False
A0A0E9FU67	1.1.3.15	chlamydia trachomatis	37	False
W8GFP9	1.1.3.15	candidatus hepatoplasma	None	False
W5VYK6	1.1.3.15	kutzneria albida	27	False
A0A0M6YSN7	1.1.3.15	labrenzia alba	25	False
A0A0D8I3J1	1.1.3.15	rhodococcus sp.	28	False
A0A0U5P4V4	1.1.3.15	clostridium sp.	35	False
A0A011QMR4	1.1.3.15	candidatus accumulibacter	None	False
A0A0K0TUB1	1.1.3.15	devosia sp.	None	False
A0A0J1FVG5	1.1.3.15	desulfosporosinus acididurans	None	False
A0A0C7QQ06	1.1.3.15	clostridium sordellii	37	False
A0A0N0XID0	1.1.3.15	amantichitinum ursilacus	28	False
A0A0H2LZ12	1.1.3.15	variovorax paradoxus	27	False
A0A0F0KUX6	1.1.3.15	microbacterium azadirachtae	28	False
A0A0W0X126	1.1.3.15	legionella oakridgensis	37	False
A0A0W8FWC1	1.1.3.15	hydrocarbon metagenome	None	False
A0A0U5P358	1.1.3.15	clostridium sp.	35	False
A0A0M6YRI1	1.1.3.15	labrenzia alba	25	False
N1MAD6	1.1.3.15	rhodococcus sp.	28	False
A0A0H3ZY49	1.1.3.15	vibrio genomosp.	None	False
A0A0F7PEF6	1.1.3.15	halanaeroarchaeum sulfurireducens	None	False
A0A0U5L8D3	1.1.3.15	streptomyces reticuli	None	False
W6SAL0	1.1.3.15	rhizobium sp.	27	False
A0A0E9F1A3	1.1.3.15	chlamydia trachomatis	37	False
A0A011QCS6	1.1.3.15	candidatus accumulibacter	None	False
A0A0C5WDC9	1.1.3.15	enterobacteriaceae bacterium	None	False
Q7NC64	1.1.3.21	mycoplasma gallisepticum	37	False
A0A0T9M427	1.1.3.15	mycobacterium tuberculosis	37	False
A0A0G4JIC2	1.1.3.15	pandoraea apista	37	False
A0A0P0GUD6	1.1.3.15	burkholderia pseudomallei	37	False
G5RJB6	1.1.3.15	salmonella enterica	35	False
A0A0S4HN01	1.1.3.15	pseudomonas sp.	28	False
V4Y1L5	1.1.3.15	betaproteobacteria bacterium	None	False
A0A0W0YYP4	1.1.3.15	legionella spiritensis	37	False
A0A0K2Y6W6	1.1.3.15	helicobacter ailurogastricus	None	False
A0A0U5BDM6	1.1.3.15	aneurinibacillus soli	None	False
A0A0M7A909	1.1.3.15	labrenzia alexandrii	30	False
A0A0M2HQX0	1.1.3.15	microbacterium hydrocarbonoxydans	29	False
M7NB96	1.1.3.15	cesiribacter andamanensis	32	False
A0A0H4W4S4	1.1.3.15	bordetella hinzii	37	False
A0A080LV49	1.1.3.15	candidatus accumulibacter	None	False
A0A0U5NXR6	1.1.3.15	clostridium sp.	35	False
V5BD74	1.1.3.15	methyloglobulus morosus	None	False
A0A0S4LWM7	1.1.3.15	hydrothermal vent	None	False
A0A0J1BEK0	1.1.3.15	rhodopirellula islandica	None	False
A0A0P0M9L6	1.1.3.15	limnohabitans sp.	None	False
A0A0R3JS23	1.1.3.15	caloramator mitchellensis	50	False
A0A011PT91	1.1.3.15	candidatus accumulibacter	None	False
A0A0D6FM74	1.1.3.15	fusobacterium nucleatum	37	False
H0E0N2	1.1.3.15	patulibacter medicamentivorans	28	False
A0A0W0YVK2	1.1.3.15	legionella shakespearei	34	False
A0A0A1DNC4	1.1.3.15	nocardioides simplex	28	False
A0A023V347	1.1.3.15	citrobacter freundii	34	False
A0A089G439	1.1.3.15	salmonella enterica	35	False
A0A090PSU2	1.1.3.15	vibrio ponticus	25	False
A0A0L6Z6D8	1.1.3.15	clostridium homopropionicum	36	False
A0A0N7LTA8	1.1.3.15	thalassobacter stenotrophicus	25	False
A0A0U5NX37	1.1.3.15	clostridium sp.	35	False
A0A0H7Y229	1.1.3.15	shigella sonnei	34	False
R7ZZ67	1.1.3.15	cyclobacteriaceae bacterium	None	False
L8MM98	1.1.3.15	pseudomonas pseudoalcaligenes	30	False
A0A0S3PTR9	1.1.3.15	variibacter gotjawalensis	None	False
A0A0H6NVX5	1.1.3.15	vibrio cholerae	35	False
A0A0K3BGV1	1.1.3.15	kibdelosporangium sp.	None	False
G0ES38	1.1.3.15	cupriavidus necator	28	False
A0A0G3XUD0	1.1.3.15	geobacillus sp.	None	False
A0A0L1IK85	1.1.3.15	mycoplasma sp.	37	False
M9TZM2	1.1.3.15	streptomyces sp.	27	False
A0A085H7G5	1.1.3.15	leclercia adecarboxylata	29	False
A0A024HJZ1	1.1.3.15	pseudomonas knackmussii	30	False
A0A021XIZ9	1.1.3.15	shinella sp.	None	False
A0A068N5J4	1.1.3.15	synechocystis sp.	26	False
I3X1H0	1.1.3.15	sinorhizobium fredii	None	False
A0A0U5PE87	1.1.3.15	clostridium sp.	35	False
A0A0M6ZB63	1.1.3.15	labrenzia alba	25	False
A0A0H2M0K0	1.1.3.15	variovorax paradoxus	27	False
A0A021X798	1.1.3.15	shinella sp.	None	False
A0A0H4NZY9	1.1.3.15	bacillus smithii	51	False
S2DJ52	1.1.3.15	indibacter alkaliphilus	None	False
S0VN32	1.1.3.15	escherichia coli	35	False
A0A0M2HFS4	1.1.3.15	microbacterium trichothecenolyticum	30	False
A0A080M6P8	1.1.3.15	candidatus accumulibacter	None	False
A0A0S4LY82	1.1.3.15	hydrothermal vent	None	False
A0A011MGF2	1.1.3.15	candidatus accumulibacter	None	False
A0A0M7BVQ0	1.1.3.15	achromobacter sp	28	False
A0A0T8L4B5	1.1.3.15	streptococcus pneumoniae	37	False
A0A0P0MGF7	1.1.3.15	limnohabitans sp.	None	False
A0A0M9IQE6	1.1.3.15	achromobacter sp	28	False
A0A077QNR4	1.1.3.15	xenorhabdus bovienii	27	False
H5VAZ0	1.1.3.15	helicobacter bizzozeronii	37	False
A0A069XGS7	1.1.3.15	escherichia coli	35	False
A0A0L0GS82	1.1.3.15	trabulsiella odontotermitis	28	False
A0A0K2AU21	1.1.3.15	streptomyces ambofaciens	27	False
A0A0D6H816	1.1.3.15	mycobacterium smegmatis	36	False
A0A0M2N5Q0	1.1.3.15	hafnia alvei	32	False
S7WFA4	1.1.3.15	cyclobacterium qasimii	None	False
A0A0J6W3A3	1.1.3.15	mycobacterium obuense	33	False
A0A024GXF2	1.1.3.15	arthrobacter siccitolerans	28	False
A0A0B5IQH6	1.1.3.15	raoultella ornithinolytica	31	False
A0A081G1I2	1.1.3.15	marinobacterium sp.	None	False
A0A0D6T4H7	1.1.3.15	bacillus mycoides	29	False
S4JZP6	1.1.3.15	salmonella enterica	35	False
A0A025CWD0	1.1.3.15	escherichia coli	35	False
R9PTS0	1.1.3.15	agarivorans albus	25	False
A0A0M6Y1Z2	1.1.3.15	labrenzia aggregata	27	False
A0A090SDX8	1.1.3.15	vibrio maritimus	28	False
A0A063Y722	1.1.3.15	nitrincola lacisaponensis	37	False
A0A0J6WNW6	1.1.3.15	mycobacterium chlorophenolicum	31	False
A0A084ZKT7	1.1.3.15	trabulsiella guamensis	36	False
K1L399	1.1.3.15	bacillus isronensis	30	False
W1AS28	1.1.3.15	klebsiella pneumoniae	34	False
D3QPL1	1.1.3.15	escherichia coli	35	False
A0A0F0C861	1.1.3.15	clostridium sp.	35	False
D5RC44	1.1.3.21	fusobacterium nucleatum	37	False
A0A078MYF8	1.1.3.15	mycoplasma capricolum	37	False
A0A0H5BPQ4	1.1.3.15	blastochloris viridis	25	False
A0A024KJM9	1.1.3.15	devosia sp.	None	False
W1AXB1	1.1.3.15	klebsiella pneumoniae	34	False
A0A0U5ERG0	1.1.3.15	streptomyces reticuli	None	False
A0A090QLU0	1.1.3.15	photobacterium aphoticum	28	False
A0A0E4GN67	1.1.3.15	vibrio cholerae	35	False
A0A0H5CSE9	1.1.3.15	alloactinosynnema sp.	None	False
A0A0D6G466	1.1.3.15	alcaligenes xylosoxydans	None	False
A0A0M7MCW0	1.1.3.15	achromobacter sp	28	False
A0A0E3ML85	1.1.3.15	pseudomonas fluorescens	27	False
V2K9S1	1.1.3.15	salmonella enterica	35	False
A0A0U3IJJ5	1.1.3.15	pseudomonas aeruginosa	34	False
A0A0D6IUW2	1.1.3.15	pseudomonas aeruginosa	34	False
A0A011MFG6	1.1.3.15	candidatus accumulibacter	None	False
A0A095S1N0	1.1.3.15	burkholderia pseudomallei	37	False
G9Y0V0	1.1.3.15	hafnia alvei	32	False
A0A0M7BTY0	1.1.3.15	achromobacter sp	28	False
A0A0H5P0S5	1.1.3.15	nocardia farcinica	32	False
A0A097R648	1.1.3.15	hafnia alvei	32	False
A0A0F5B9Q9	1.1.3.15	salmonella enterica	35	False
A0A0M1XSK4	1.1.3.15	klebsiella pneumoniae	34	False
L4J3R4	1.1.3.15	escherichia coli	35	False
A0A070CSI4	1.1.3.15	escherichia coli	35	False
A0A0L1C2J3	1.1.3.15	escherichia coli	35	False
N4PG13	1.1.3.15	escherichia coli	35	False
A0A0E0U267	1.1.3.15	escherichia coli	35	False
A0A0K3JFD1	1.1.3.15	escherichia coli	35	False
A0A062Y9K4	1.1.3.15	escherichia coli	35	False
A0A0D8WE46	1.1.3.15	escherichia coli	35	False
A0A0K4DLS2	1.1.3.15	escherichia coli	35	False
T8ZP25	1.1.3.15	escherichia coli	35	False
L3Q278	1.1.3.15	escherichia coli	35	False
R8WWJ2	1.1.3.15	citrobacter sp.	None	False
A0A070PNB7	1.1.3.15	escherichia coli	35	False
A0A0D7LP69	1.1.3.15	citrobacter freundii	34	False
L8MHK8	1.1.3.15	pseudomonas pseudoalcaligenes	30	False
K5V8K6	1.1.3.15	vibrio sp.	29	False
A0A0M7QQE1	1.1.3.15	streptomyces venezuelae	26	False
Q70GP9	1.1.3.21	mycoplasma mycoides	37	False
Q2SSQ7	1.1.3.21	mycoplasma capricolum	37	False
A0A0D6I3R9	1.1.3.15	pseudomonas aeruginosa	34	False
A0A0P1DHU4	1.1.3.15	pseudomonas aeruginosa	34	False
A0A0M7DDG3	1.1.3.15	achromobacter sp	28	False
A0A0E7UI28	1.1.3.15	bordetella pertussis	37	False
A0A0M7N4Q2	1.1.3.15	achromobacter sp	28	False
A0A0M7DGE4	1.1.3.15	achromobacter sp	28	False
A0A0M7G9C4	1.1.3.15	achromobacter sp	28	False
A0A0J6Y3T5	1.1.3.15	mycobacterium chlorophenolicum	31	False
A0A0J6YH39	1.1.3.15	mycobacterium chubuense	37	False
A0A0D0SBV7	1.1.3.15	pseudomonas fluorescens	27	False
E5YJ45	1.1.3.15	enterobacteriaceae bacterium	None	False
A0A0B8ZQW9	1.1.3.15	hafnia paralvei	33	False
A0A085GN98	1.1.3.15	hafnia alvei	32	False
S5MTE2	1.1.3.15	salmonella bongori	34	False
A0A0K0HDL2	1.1.3.15	salmonella bongori	34	False
H7EB43	1.1.3.15	salmonella enterica	35	False
V1H2L1	1.1.3.15	salmonella enterica	35	False
A0A0S2WBW9	1.1.3.15	salmonella typhimurium	24	False
A0A0H3BNM7	1.1.3.15	salmonella newport	None	False
V2IMT0	1.1.3.15	salmonella enterica	35	False
V2C7N5	1.1.3.15	salmonella enterica	35	False
V1J691	1.1.3.15	salmonella enterica	35	False
A0A0L4HLC8	1.1.3.15	salmonella enterica	35	False
V1MKF0	1.1.3.15	salmonella enterica	35	False
V2GWQ5	1.1.3.15	salmonella enterica	35	False
A0A0S2NCC0	1.1.3.15	salmonella anatum	None	False
G4C4W8	1.1.3.15	salmonella enterica	35	False
A0A0N1R0I4	1.1.3.15	salmonella schwarzengrund	None	False
A0A0H2WSA4	1.1.3.15	salmonella paratyphi	37	False
A0A0T9XH20	1.1.3.15	salmonella enterica	35	False
B5Q884	1.1.3.15	salmonella enterica	35	False
A0A0T5WU15	1.1.3.15	salmonella infantis	None	False
B5F313	1.1.3.15	salmonella agona	None	False
V8MHS4	1.1.3.15	salmonella enterica	35	False
A0A0K1UXB6	1.1.3.15	salmonella enterica	35	False
V2NJD0	1.1.3.15	salmonella enterica	35	False
Q8Z4F9	1.1.3.15	salmonella typhi	37	False
A0A0H3SV52	1.1.3.15	salmonella enterica	35	False
A0A0K1UJC3	1.1.3.15	salmonella enterica	35	False
A0A0N9P2N6	1.1.3.15	salmonella thompson	None	False
S4HT06	1.1.3.15	salmonella enterica	35	False
A0A0P1JZV7	1.1.3.15	salmonella enterica	35	False
G5SFM4	1.1.3.15	salmonella enterica	35	False
X2KHV3	1.1.3.15	salmonella enterica	35	False
Q57KY4	1.1.3.15	salmonella choleraesuis	37	False
A0A0N1VME3	1.1.3.15	salmonella enterica	35	False
E8XK31	1.1.3.15	salmonella typhimurium	24	False
A0A0F7JCH0	1.1.3.15	salmonella enterica	35	False
A0A0L4GHC1	1.1.3.15	salmonella enterica	35	False
I2BC73	1.1.3.15	shimwellia blattae	31	False
A0A0J5M398	1.1.3.15	pluralibacter gergoviae	30	False
A0A0G9Y480	1.1.3.15	enterobacter aerogenes	33	False
A0A0M3H706	1.1.3.15	enterobacter aerogenes	33	False
A0A0H3FPE5	1.1.3.15	enterobacter aerogenes	33	False
A0A0I9NKE4	1.1.3.15	klebsiella variicola	29	False
R5WIX9	1.1.3.15	klebsiella variicola	29	False
A0A0I9Q2V5	1.1.3.15	klebsiella variicola	29	False
A0A0I9NMW4	1.1.3.15	klebsiella variicola	29	False
A0A0M4H381	1.1.3.15	klebsiella variicola	29	False
Z5E1U1	1.1.3.15	klebsiella pneumoniae	34	False
A0A0M3VKM1	1.1.3.15	klebsiella pneumoniae	34	False
A0A0C7L2N8	1.1.3.15	klebsiella variicola	29	False
A0A0I9PWH5	1.1.3.15	klebsiella variicola	29	False
A0A0J4XWM8	1.1.3.15	klebsiella pneumoniae	34	False
A0A0B7GBH8	1.1.3.15	klebsiella variicola	29	False
B5Y1D3	1.1.3.15	klebsiella pneumoniae	34	False
A0A0M2R0P8	1.1.3.15	klebsiella pneumoniae	34	False
A0A0S3D3Q0	1.1.3.15	klebsiella pneumoniae	34	False
W1ELX2	1.1.3.15	klebsiella pneumoniae	34	False
V0AYW5	1.1.3.15	klebsiella pneumoniae	34	False
A0A0S4FWJ4	1.1.3.15	klebsiella pneumoniae	34	False
A0A0M6X8Z4	1.1.3.15	klebsiella pneumoniae	34	False
A0A0J2GHS7	1.1.3.15	klebsiella oxytoca	34	False
V3K8Y9	1.1.3.15	klebsiella pneumoniae	34	False
W8XS66	1.1.3.15	klebsiella quasipneumoniae	37	False
A0A0J4QUE4	1.1.3.15	klebsiella pneumoniae	34	False
A0A0J4RG48	1.1.3.15	klebsiella pneumoniae	34	False
A0A060UWI8	1.1.3.15	klebsiella quasipneumoniae	37	False
V3DQA8	1.1.3.15	klebsiella pneumoniae	34	False
G9Z4V9	1.1.3.15	yokenella regensburgei	34	False
A0A0K4SDM2	1.1.3.15	escherichia coli	35	False
B1EGB1	1.1.3.15	escherichia albertii	30	False
W0AYF0	1.1.3.15	escherichia albertii	30	False
A0A0S3N043	1.1.3.15	escherichia albertii	30	False
A0A070KFP2	1.1.3.15	escherichia coli	35	False
A0A0H3EK26	1.1.3.15	escherichia coli	35	False
W9AIT9	1.1.3.15	escherichia coli	35	False
A0A0F6GRF2	1.1.3.15	escherichia coli	35	False
A0A073H8R8	1.1.3.15	escherichia coli	35	False
A0A0H7PWY0	1.1.3.15	shigella sonnei	34	False
A0A0H8S315	1.1.3.15	shigella sonnei	34	False
A0A094NN19	1.1.3.15	shigella flexneri	34	False
I6GYD6	1.1.3.15	shigella flexneri	34	False
A0A0F4HJR2	1.1.3.15	escherichia coli	35	False
A0A0H2V341	1.1.3.15	shigella flexneri	34	False
Q3YYJ7	1.1.3.15	shigella sonnei	34	False
W1WV69	1.1.3.15	escherichia coli	35	False
L5H4M9	1.1.3.15	escherichia coli	35	False
S0U1R3	1.1.3.15	escherichia sp.	None	False
T8K2V6	1.1.3.15	escherichia coli	35	False
V0SFE2	1.1.3.15	escherichia coli	35	False
A0A069X6T1	1.1.3.15	escherichia coli	35	False
A0A0L6Y4N7	1.1.3.15	escherichia coli	35	False
F4TJD1	1.1.3.15	escherichia coli	35	False
A0A0K4BF87	1.1.3.15	escherichia coli	35	False
A0A024KQQ4	1.1.3.15	escherichia coli	35	False
C3SYH2	1.1.3.15	escherichia coli	35	False
A0A0K3PMF3	1.1.3.15	escherichia coli	35	False
A0A0P7SMV0	1.1.3.15	escherichia coli	35	False
L3C3U3	1.1.3.15	escherichia coli	35	False
A0A0B1BKX2	1.1.3.15	escherichia coli	35	False
L2VQG1	1.1.3.15	escherichia sp.	None	False
S1C2P4	1.1.3.15	escherichia sp.	None	False
A0A0Q2VWI2	1.1.3.15	escherichia coli	35	False
F4SNC3	1.1.3.15	escherichia coli	35	False
M8THU9	1.1.3.15	escherichia coli	35	False
P37339	1.1.3.15	escherichia coli	35	False
H9UVR6	1.1.3.15	escherichia coli	35	False
E3PH30	1.1.3.15	escherichia coli	35	False
H4UMR9	1.1.3.15	escherichia coli	35	False
F4V6F7	1.1.3.15	escherichia coli	35	False
A0A017I8K0	1.1.3.15	escherichia coli	35	False
B7LT10	1.1.3.15	escherichia fergusonii	34	False
S0WG00	1.1.3.15	escherichia sp.	None	False
Q31X30	1.1.3.15	shigella boydii	34	False
K0WZF8	1.1.3.15	shigella flexneri	34	False
E7T8N5	1.1.3.15	shigella flexneri	34	False
B2U083	1.1.3.15	shigella boydii	34	False
A0A0P0T9R4	1.1.3.15	escherichia coli	35	False
A0A073G840	1.1.3.15	escherichia coli	35	False
K4XG77	1.1.3.15	escherichia coli	35	False
B3HDK9	1.1.3.15	escherichia coli	35	False
A0A0K3RG99	1.1.3.15	escherichia coli	35	False
I2UF32	1.1.3.15	escherichia coli	35	False
D6IC93	1.1.3.15	escherichia coli	35	False
L0M7M1	1.1.3.15	enterobacteriaceae bacterium	None	False
I4T3P9	1.1.3.15	escherichia coli	35	False
K3LFB6	1.1.3.15	escherichia coli	35	False
F0JSX3	1.1.3.15	escherichia fergusonii	34	False
A0A0H2VBC2	1.1.3.15	escherichia coli	35	False
V0UTT8	1.1.3.15	escherichia coli	35	False
A0A0G3J0W6	1.1.3.15	escherichia coli	35	False
A0A0K4FYZ0	1.1.3.15	escherichia coli	35	False
N4NTH3	1.1.3.15	escherichia coli	35	False
E9TB27	1.1.3.15	escherichia coli	35	False
A0A0N2DMW0	1.1.3.15	escherichia coli	35	False
A0A0H0ETT9	1.1.3.15	escherichia coli	35	False
E7SSC5	1.1.3.15	shigella boydii	34	False
I6D4W4	1.1.3.15	shigella boydii	34	False
F4NHG4	1.1.3.15	escherichia coli	35	False
J7R7X0	1.1.3.15	escherichia coli	35	False
A0A070FNN1	1.1.3.15	escherichia coli	35	False
A0A0M1HBZ3	1.1.3.15	escherichia coli	35	False
A0A0D0LS41	1.1.3.15	escherichia coli	35	False
A0A0T5JU07	1.1.3.15	escherichia coli	35	False
A0A0K5Z1P8	1.1.3.15	escherichia coli	35	False
A0A0K5MIV8	1.1.3.15	escherichia coli	35	False
E9YT76	1.1.3.15	escherichia coli	35	False
E9XHJ7	1.1.3.15	escherichia coli	35	False
A0A0G3K8M6	1.1.3.15	escherichia coli	35	False
D6JE00	1.1.3.15	escherichia coli	35	False
H1BUH2	1.1.3.15	escherichia coli	35	False
F4VIN9	1.1.3.15	escherichia coli	35	False
A0A0H0GTN3	1.1.3.15	escherichia coli	35	False
I0VTU9	1.1.3.15	escherichia coli	35	False
A0A0K9THB5	1.1.3.15	escherichia coli	35	False
S1DZY6	1.1.3.15	escherichia coli	35	False
U9YE48	1.1.3.15	escherichia coli	35	False
S1HZF2	1.1.3.15	escherichia coli	35	False
A0A0S3B410	1.1.3.15	escherichia coli	35	False
A0A029KI23	1.1.3.15	escherichia coli	35	False
A0A0B1FWS6	1.1.3.15	escherichia coli	35	False
A0A0Q3A4H5	1.1.3.15	escherichia coli	35	False
A0A0G3JJQ1	1.1.3.15	escherichia coli	35	False
T6H2K9	1.1.3.15	escherichia coli	35	False
A0A029IM56	1.1.3.15	escherichia coli	35	False
D7Z9V6	1.1.3.15	escherichia coli	35	False
A0A080INM6	1.1.3.15	escherichia coli	35	False
T5NPY6	1.1.3.15	escherichia coli	35	False
A0A0P7Q9V8	1.1.3.15	escherichia coli	35	False
B7UH79	1.1.3.15	escherichia coli	35	False
H4K7N9	1.1.3.15	escherichia coli	35	False
A0A090VAN6	1.1.3.15	citrobacter farmeri	33	False
A0A064D539	1.1.3.15	citrobacter sp.	None	False
A0A083Z1N7	1.1.3.15	citrobacter amalonaticus	34	False
A0A0F6TW70	1.1.3.15	citrobacter amalonaticus	34	False
A8ANL6	1.1.3.15	citrobacter koseri	34	False
E3G4Z8	1.1.3.15	enterobacter lignolyticus	None	False
A0A0S3JEU5	1.1.3.15	klebsiella sp.	None	False
A0A0J1LTH4	1.1.3.15	citrobacter freundii	34	False
A0A0J1JYH8	1.1.3.15	citrobacter freundii	34	False
A0A0A1RXP1	1.1.3.15	citrobacter pasteurii	None	False
I6HD20	1.1.3.15	shigella flexneri	34	False
A0A073VDS5	1.1.3.15	escherichia coli	35	False
W1FZV6	1.1.3.15	escherichia coli	35	False
A0A0J1LNA4	1.1.3.15	citrobacter freundii	34	False
A0A0M1VKH6	1.1.3.15	citrobacter sp.	None	False
A0A0M5KI04	1.1.3.15	citrobacter freundii	34	False
A0A0P8Q0E5	1.1.3.15	citrobacter freundii	34	False
A0A064DQU7	1.1.3.15	citrobacter freundii	34	False
A0A0J0IQF0	1.1.3.15	enterobacter sp.	29	False
A0A0F5SHM7	1.1.3.15	citrobacter amalonaticus	34	False
A0A090U7M7	1.1.3.15	citrobacter werkmanii	32	False
D4BHH7	1.1.3.15	citrobacter youngae	32	False
A0A0K2X9Y9	1.1.3.15	helicobacter ailurogastricus	None	False
K5VRB7	1.1.3.15	vibrio sp.	29	False
K5U2K2	1.1.3.15	vibrio sp.	29	False
A0A0H6A8V9	1.1.3.15	vibrio cholerae	35	False
A0A0H6AY92	1.1.3.15	vibrio cholerae	35	False
A0A0H6MLS9	1.1.3.15	vibrio cholerae	35	False
A0A0H5YZP6	1.1.3.15	vibrio cholerae	35	False
A0A0H6PGQ1	1.1.3.15	vibrio cholerae	35	False
D6EL10	1.1.3.15	streptomyces lividans	27	False
W7ILH9	1.1.3.15	actinokineospora spheciospongiae	None	False
A0A0U5TVG2	1.1.3.15	serratia marcescens	29	False
A0A0G3SMM4	1.1.3.15	serratia marcescens	29	False
A0A0J5CZZ1	1.1.3.15	serratia marcescens	29	False
A0A0U8EIM7	1.1.3.15	serratia marcescens	29	False
A0A0U6K8E5	1.1.3.15	serratia marcescens	29	False
A0A0U7HWU9	1.1.3.15	serratia marcescens	29	False
A0A0U7V4Q3	1.1.3.15	serratia marcescens	29	False
A0A0U7MNV1	1.1.3.15	serratia marcescens	29	False
A0A0U6ZXX8	1.1.3.15	serratia marcescens	29	False
A0A0U7PBK6	1.1.3.15	serratia marcescens	29	False
A0A0U6BZM9	1.1.3.15	serratia marcescens	29	False
A0A0U7IC16	1.1.3.15	serratia sp	26	False
A0A0M3UI66	1.1.3.15	serratia marcescens	29	False
A0A077NTT0	1.1.3.15	xenorhabdus bovienii	27	False
B5WUJ3	1.1.3.9	burkholderia sp.	29	True
B9R845	1.1.3.9	ricinus communis	None	True
F9ZK57	1.1.3.9	nitrosomonas sp.	None	True
B2IUG1	1.1.3.9	nostoc punctiforme	20	True
B3R195	1.1.3.9	cupriavidus taiwanensis	32	True
A0A0C5CCL2	1.1.3.9	candidatus nitrosopumilus	None	True
F8B3Q8	1.1.3.9	frankia symbiont	None	True
B9REU4	1.1.3.9	ricinus communis	None	False
B8MB95	1.1.3.9	talaromyces stipitatus	24	False
B9RYU4	1.1.3.9	ricinus communis	None	False
F9ZDM3	1.1.3.9	nitrosomonas sp.	None	False
K9TXB3	1.1.3.9	chroococcidiopsis thermalis	None	False
A0A090HGN3	1.1.3.9	burkholderia glathei	29	False
A0A0U1A0U5	1.1.3.41	mycobacterium abscessus	35	True
A0A0U0XLD7	1.1.3.41	mycobacterium abscessus	35	True
A0A0U0ZUN7	1.1.3.41	mycobacterium abscessus	35	False
A0A0U0Z140	1.1.3.41	mycobacterium abscessus	35	False
A0A0U0Y6W2	1.1.3.41	mycobacterium abscessus	35	False
A0A0U0XUX7	1.1.3.41	mycobacterium abscessus	35	False
A9QAE7	1.1.3.6	rhodococcus erythropolis	28	True
L1KIC4	1.1.3.6	streptomyces ipomoeae	26	True
L7FHG6	1.1.3.6	streptomyces turgidiscabies	28	False
L1KU15	1.1.3.6	streptomyces ipomoeae	26	False
P93762	1.1.3.5	chondrus crispus	None	True
Q7WZ62	1.1.3.13	nonomuraea sp.	None	True
A0A0G7ZYU8	1.1.3.45	ralstonia solanacearum	29	True
Q0PCD7	1.1.3.45	streptomyces galilaeus	26	False
C4WH31	1.1.3.37	ochrobactrum intermedium	30	True
C0RGR6	1.1.3.37	brucella melitensis	37	False
C0G3Y4	1.1.3.37	brucella ceti	None	False
C4IN80	1.1.3.37	brucella abortus	37	False
A0A0K3BPM4	1.1.3.15	kibdelosporangium sp.	None	True
A0A0M7QVU6	1.1.3.15	streptomyces venezuelae	26	False
R7ZSU7	1.1.3.6	cyclobacteriaceae bacterium	None	True
S7VHR4	1.1.3.6	cyclobacterium qasimii	None	False
D3NRV6	1.1.3.15	azospirillum sp.	31	True
Q0K750	1.1.3.15	cupriavidus necator	28	True
A0A0K2XRH9	1.1.3.15	helicobacter heilmannii	37	True
D4MUV9	1.1.3.15	anaerostipes hadrus	37	True
A2QTA3	1.1.3.38	aspergillus niger	25	True
Q8XW09	1.1.3.15	ralstonia solanacearum	29	True
H0SIC1	1.1.3.15	bradyrhizobium sp.	26	True
S7SZ03	1.1.3.15	geobacillus sp.	None	True
D4XIR1	1.1.3.15	achromobacter piechaudii	30	True
I4G7M6	1.1.3.15	microcystis aeruginosa	19	True
Q2LWG4	1.1.3.15	syntrophus aciditrophicus	37	True
A2CCV2	1.1.3.15	prochlorococcus marinus	20	True
P56216	1.1.3.38	penicillium simplicissimum	24	True
A0A0M7QHG7	1.1.3.6	streptomyces venezuelae	26	True
K0NHF1	1.1.3.15	desulfobacula toluolica	28	True
G6F8W6	1.1.3.15	lactobacillus delbrueckii	36	True
A0A085FLP7	1.1.3.15	devosia sp.	None	True
A9D099	1.1.3.15	hoeflea phototrophica	30	True
Q5WIP4	1.1.3.15	bacillus clausii	31	True
E0MUP1	1.1.3.8	corynebacterium accolens	37	True
D4N087	1.1.3.15	anaerostipes hadrus	37	True
K4LGZ0	1.1.3.15	thermacetogenium phaeum	55	True
M4KHX7	1.1.3.15	lactobacillus plantarum	35	True
A0A073CBY9	1.1.3.15	planktothrix agardhii	20	True
A0A0P7WDX3	1.1.3.15	erythrobacteraceae bacterium	None	True
A0A087RXW1	1.1.3.15	marine group	None	True
U4PUB6	1.1.3.15	rhizobium sp.	27	True
Q82WE3	1.1.3.15	nitrosomonas europaea	26	False
Q0I8G2	1.1.3.15	synechococcus sp.	19	False
M7MTF7	1.1.3.15	arthrobacter gangotriensis	22	False
W6I5R7	1.1.3.15	granulibacter bethesdensis	36	False
Q6L2S1	1.1.3.15	picrophilus torridus	55	False
S6AJB3	1.1.3.15	pseudomonas resinovorans	29	False
A0A061CL74	1.1.3.15	pseudomonas pseudoalcaligenes	30	False
Q96Y71	1.1.3.15	sulfolobus tokodaii	75	False
A0A084FXN6	1.1.3.38	scedosporium apiospermum	25	False
B9NTK7	1.1.3.15	rhodobacteraceae bacterium	None	False
H1WCY2	1.1.3.15	arthrospira sp.	20	False
A0A0T6AJI7	1.1.3.15	candidatus rokubacteria	None	False
Q0SBK1	1.1.3.38	rhodococcus jostii	29	False
V4LMN1	1.1.3.15	uncultured acidilobus	None	False
A0A0H3KC56	1.1.3.15	burkholderia multivorans	29	False
Q5KZS1	1.1.3.15	geobacillus kaustophilus	55	False
A0A0S1UDQ3	1.1.3.15	streptomyces sp.	27	False
F4BMG1	1.1.3.15	carnobacterium sp.	33	False
U2ENB5	1.1.3.15	salinisphaera shabanensis	35	False
A2SED3	1.1.3.15	methylibium petroleiphilum	26	False
C0QCR3	1.1.3.15	desulfobacterium autotrophicum	25	False
B9NTK6	1.1.3.15	rhodobacteraceae bacterium	None	False
A6GX56	1.1.3.15	flavobacterium psychrophilum	18	False
Q8YI46	1.1.3.15	brucella melitensis	37	False
Q5WFZ5	1.1.3.15	bacillus clausii	31	False
A0A0P7Z009	1.1.3.15	erythrobacteraceae bacterium	None	False
Q8YB37	1.1.3.15	brucella melitensis	37	False
A0A0F4YJ32	1.1.3.38	rasamsonia emersonii	None	False
A0A0F7IHH0	1.1.3.15	geoglobus ahangari	85	False
A0A0U5DT85	1.1.3.15	stenotrophomonas maltophilia	29	False
S6ARK9	1.1.3.15	pseudomonas resinovorans	29	False
Q7U9U2	1.1.3.15	synechococcus sp.	19	False
Q5SM78	1.1.3.15	thermus thermophilus	71	False
A0A0N9YJI4	1.1.3.15	mycobacterium fortuitum	36	False
Q5P8S5	1.1.3.15	aromatoleum aromaticum	None	False
Q4FNZ1	1.1.3.15	pelagibacter ubique	None	False
Q7V678	1.1.3.15	prochlorococcus marinus	20	False
D5REL4	1.1.3.15	fusobacterium nucleatum	37	False
A5GQ90	1.1.3.15	synechococcus sp.	19	False
Q82SS0	1.1.3.15	nitrosomonas europaea	26	False
I0JRU6	1.1.3.15	halobacillus halophilus	30	False
A4FHK5	1.1.3.15	saccharopolyspora erythraea	26	False
C9Y718	1.1.3.15	curvibacter putative	None	False
Q1LMF7	1.1.3.15	cupriavidus metallidurans	30	False
L9PP95	1.1.3.15	janthinobacterium sp.	None	False
A4FGG6	1.1.3.15	saccharopolyspora erythraea	26	False
Q0IDM6	1.1.3.15	synechococcus sp.	19	False
F9VPD1	1.1.3.15	sulfolobus tokodaii	75	False
I0HKK7	1.1.3.15	rubrivivax gelatinosus	27	False
A8EVV7	1.1.3.15	arcobacter butzleri	36	False
H0TJ83	1.1.3.15	bradyrhizobium sp.	26	False
Q2G889	1.1.3.38	novosphingobium aromaticivorans	30	False
Q6L072	1.1.3.15	picrophilus torridus	55	False
A0A0E1S6K3	1.1.3.15	burkholderia pseudomallei	37	False
A0A0P8BJR7	1.1.3.15	marinobacter excellens	25	False
A0A0K1DZV3	1.1.3.15	pyrobaculum sp.	None	False
A0A0G3UZA1	1.1.3.15	actinobacteria bacterium	None	False
W6WK03	1.1.3.38	burkholderia sp.	29	False
W6K7A3	1.1.3.15	magnetospira sp.	None	False
E3HEK0	1.1.3.15	achromobacter xylosoxidans	31	False
S0EYS9	1.1.3.15	chthonomonas calidirosea	60	False
D4J5N3	1.1.3.15	coprococcus catus	37	False
Q81GB1	1.1.3.15	bacillus cereus	30	False
Q3JNZ0	1.1.3.15	burkholderia pseudomallei	37	False
A0A077SBA9	1.1.3.15	xanthomonas campestris	26	False
L9PRB1	1.1.3.15	janthinobacterium sp.	None	False
V5V4E4	1.1.3.15	thermosynechococcus sp.	None	False
C3KLX0	1.1.3.15	rhizobium sp.	27	False
Q8YB39	1.1.3.15	brucella melitensis	37	False
A0A0D8BAE7	1.1.3.15	frankia sp.	27	False
A5GI75	1.1.3.15	synechococcus sp.	19	False
W0X0N5	1.1.3.15	sinorhizobium meliloti	None	False
M8DGJ7	1.1.3.15	thermoanaerobacter thermohydrosulfuricus	62	False
S6DC87	1.1.3.15	acetobacter pasteurianus	26	False
A0A0E3V1E7	1.1.3.15	polynucleobacter necessarius	25	False
M1MT52	1.1.3.15	clostridium saccharoperbutylacetonicum	31	False
U6FL28	1.1.3.15	lactobacillus helveticus	36	False
E6N7D7	1.1.3.15	candidatus caldiarchaeum	None	False
G2ZL38	1.1.3.15	blood disease	None	False
K7S8X4	1.1.3.15	propionibacterium acidipropionici	31	False
M4YUM8	1.1.3.15	thermoplasmatales archaeon	None	False
Q2LXM8	1.1.3.15	syntrophus aciditrophicus	37	False
F5SJF5	1.1.3.15	desmospora sp.	None	False
D5BRS1	1.1.3.15	puniceispirillum marinum	None	False
G4CKD2	1.1.3.15	neisseria shayeganii	37	False
D4MUZ9	1.1.3.15	anaerostipes hadrus	37	False
W6R6M4	1.1.3.15	rhizobium sp.	27	False
I4EYC0	1.1.3.38	modestobacter marinus	28	False
F7PU87	1.1.3.15	haloplasma contractile	35	False
A5ECH9	1.1.3.15	bradyrhizobium sp.	26	False
E5AM75	1.1.3.15	burkholderia rhizoxinica	29	False
W6I4G8	1.1.3.15	granulibacter bethesdensis	36	False
F9DUM3	1.1.3.15	sporosarcina newyorkensis	35	False
Q5WFZ3	1.1.3.15	bacillus clausii	31	False
B6B2K8	1.1.3.15	rhodobacteraceae bacterium	None	False
D5MNA0	1.1.3.15	candidatus methylomirabilis	None	False
K0N926	1.1.3.15	desulfobacula toluolica	28	False
S0FVM6	1.1.3.15	desulfotignum phosphitoxidans	30	False
Q5P1Z4	1.1.3.15	aromatoleum aromaticum	None	False
A0A0B0HAB7	1.1.3.15	solemya velum	None	False
F5SJF1	1.1.3.15	desmospora sp.	None	False
Q82WK0	1.1.3.15	nitrosomonas europaea	26	False
A0A0S3QVA7	1.1.3.15	thermosulfidibacter takaii	70	False
F8JIM5	1.1.3.15	hyphomicrobium sp.	28	False
Q7NZM1	1.1.3.15	chromobacterium violaceum	31	False
Q16CG7	1.1.3.15	roseobacter denitrificans	22	False
J7Q9M2	1.1.3.15	escherichia coli	35	False
G8AJW6	1.1.3.15	azospirillum brasilense	30	False
E5AM77	1.1.3.15	burkholderia rhizoxinica	29	False
B7RMU2	1.1.3.15	roseobacter sp.	None	False
A2SM02	1.1.3.15	methylibium petroleiphilum	26	False
Q72LD1	1.1.3.15	thermus thermophilus	71	False
Q5WAP2	1.1.3.15	bacillus clausii	31	False
H8I743	1.1.3.15	methanocella conradii	50	False
A5CXA9	1.1.3.15	vesicomyosocius okutanii	None	False
H6QAW2	1.1.3.15	pyrobaculum oguniense	90	False
W6KG59	1.1.3.15	magnetospira sp.	None	False
U2E4D8	1.1.3.15	salinisphaera shabanensis	35	False
Q5P1Z3	1.1.3.15	aromatoleum aromaticum	None	False
G2IPH4	1.1.3.15	sphingobium sp.	None	False
Q72G82	1.1.3.15	thermus thermophilus	71	False
G4D1T0	1.1.3.15	peptoniphilus indolicus	37	False
A0A0J0UTH7	1.1.3.15	actinobacteria bacterium	None	False
A0A0B6WZJ3	1.1.3.15	pyrinomonas methylaliphatogenes	60	False
S0FYJ5	1.1.3.15	desulfotignum phosphitoxidans	30	False
S0G7W3	1.1.3.15	desulfotignum phosphitoxidans	30	False
S6BHF8	1.1.3.15	pseudomonas resinovorans	29	False
D3PDY5	1.1.3.15	deferribacter desulfuricans	62	False
I0GRL8	1.1.3.15	selenomonas ruminantium	36	False
W6RD42	1.1.3.15	rhizobium sp.	27	False
A6Q1U6	1.1.3.15	nitratiruptor sp.	None	False
A0A0K1E2Q1	1.1.3.15	pyrobaculum sp.	None	False
A6SUS8	1.1.3.15	janthinobacterium sp.	None	False
Q81AQ6	1.1.3.15	bacillus cereus	30	False
A5GMT1	1.1.3.15	synechococcus sp.	19	False
A0A0D6G8J9	1.1.3.15	campylobacter jejuni	36	False
A0A0B6RP43	1.1.3.15	burkholderia glumae	29	False
A0A0T5ZUA2	1.1.3.15	candidatus dadabacteria	None	False
A0A075WBB5	1.1.3.15	archaeoglobus fulgidus	81	False
A4Z0V5	1.1.3.15	bradyrhizobium sp.	26	False
W9D4X9	1.1.3.15	frankia sp.	27	False
S6BW26	1.1.3.15	endosymbiont of	None	False
A0A0S1UJG8	1.1.3.15	streptomyces sp.	27	False
E8SFV8	1.1.3.15	staphylococcus pseudintermedius	35	False
A6SUS9	1.1.3.15	janthinobacterium sp.	None	False
Q0KC24	1.1.3.15	cupriavidus necator	28	False
Q16CG8	1.1.3.15	roseobacter denitrificans	22	False
S0FGL6	1.1.3.15	[clostridium] termitidis	None	False
D4LKY0	1.1.3.15	ruminococcus sp.	None	False
Q4FNZ0	1.1.3.15	pelagibacter ubique	None	False
Q5KYD7	1.1.3.15	geobacillus kaustophilus	55	False
H8XPH1	1.1.3.15	flavobacterium indicum	33	False
G4CHB5	1.1.3.15	neisseria shayeganii	37	False
Q1LJ75	1.1.3.15	cupriavidus metallidurans	30	False
G0AHZ1	1.1.3.15	collimonas fungivorans	26	False
Q7U599	1.1.3.15	synechococcus sp.	19	False
A2SM03	1.1.3.15	methylibium petroleiphilum	26	False
D4XA33	1.1.3.15	achromobacter piechaudii	30	False
D8IRW1	1.1.3.15	herbaspirillum seropedicae	30	False
B3PR96	1.1.3.15	rhizobium etli	29	False
H6L109	1.1.3.15	saprospira grandis	29	False
Q0BSS5	1.1.3.15	granulibacter bethesdensis	36	False
A0A0P0R820	1.1.3.15	burkholderia caribensis	29	False
Q13YT9	1.1.3.15	burkholderia xenovorans	29	False
A5GUJ1	1.1.3.15	synechococcus sp.	19	False
C5AVF5	1.1.3.15	methylobacterium extorquens	29	False
D4XA32	1.1.3.15	achromobacter piechaudii	30	False
A3RTD5	1.1.3.15	ralstonia solanacearum	29	False
U5QF75	1.1.3.15	gloeobacter kilaueensis	None	False
M9SFA6	1.1.3.15	candidatus methanomethylophilus	None	False
S6BS41	1.1.3.15	endosymbiont of	None	False
Q5SM78	1.1.3.15	thermus thermophilus	71	False
C0QJA3	1.1.3.15	desulfobacterium autotrophicum	25	False
B7QY07	1.1.3.15	ruegeria sp.	None	False
Q7VHU4	1.1.3.15	helicobacter hepaticus	37	False
G8SBJ3	1.1.3.15	actinoplanes sp.	27	False
Q8XW08	1.1.3.15	ralstonia solanacearum	29	False
B3R6H2	1.1.3.15	cupriavidus taiwanensis	32	False
A0A0F7PKD8	1.1.3.15	hoeflea sp.	None	False
C7HSG4	1.1.3.15	anaerococcus vaginalis	37	False
G4T075	1.1.3.15	methylomicrobium alcaliphilum	28	False
A0A0U5F9V4	1.1.3.15	acetobacter ghanensis	30	False
F0HWF2	1.1.3.15	lactobacillus delbrueckii	36	False
Q8PXD0	1.1.3.15	methanosarcina mazei	35	False
A0A0P0RP68	1.1.3.15	burkholderia caribensis	29	False
S7U115	1.1.3.15	geobacillus sp.	None	False
Q72LD0	1.1.3.15	thermus thermophilus	71	False
A0A0T5ZJ82	1.1.3.15	candidatus dadabacteria	None	False
I7H604	1.1.3.15	helicobacter cinaedi	37	False
M5IPU5	1.1.3.15	campylobacter showae	37	False
C0QK91	1.1.3.15	desulfobacterium autotrophicum	25	False
D4J7S8	1.1.3.15	coprococcus catus	37	False
D8IRW2	1.1.3.15	herbaspirillum seropedicae	30	False
A0A0T6AB85	1.1.3.15	candidatus rokubacteria	None	False
I2C8Q5	1.1.3.15	bacillus amyloliquefaciens	31	False
Q1PW53	1.1.3.15	candidatus kuenenia	None	False
A0A083ZPU0	1.1.3.15	rhizobium radiobacter	28	False
D8NPG8	1.1.3.15	ralstonia solanacearum	29	False
A0A0F4FWB8	1.1.3.15	rhizobium radiobacter	28	False
E1V7C1	1.1.3.15	halomonas elongata	28	False
Q3JNY8	1.1.3.15	burkholderia pseudomallei	37	False
S5YW07	1.1.3.15	paracoccus aminophilus	30	False
E2PL66	1.1.3.15	brucella sp.	None	False
E5AM76	1.1.3.15	burkholderia rhizoxinica	29	False
G0AHZ0	1.1.3.15	collimonas fungivorans	26	False
Q5KZR9	1.1.3.15	geobacillus kaustophilus	55	False
A0A0C1L853	1.1.3.15	prauserella sp.	None	False
Q5WCX8	1.1.3.15	bacillus clausii	31	False
S7U073	1.1.3.15	geobacillus sp.	None	False
A0A089QDS0	1.1.3.15	methylobacterium oryzae	28	False
C0QKR7	1.1.3.15	desulfobacterium autotrophicum	25	False
A0A0B5QLQ1	1.1.3.15	clostridium beijerinckii	36	False
Q7P867	1.1.3.15	fusobacterium nucleatum	37	False
A0A0D0Q694	1.1.3.15	wenxinia marina	30	False
Q3IZ31	1.1.3.15	rhodobacter sphaeroides	28	False
B7RMW0	1.1.3.15	roseobacter sp.	None	False
Q2KC17	1.1.3.15	rhizobium etli	29	False
A0A0J7JDW3	1.1.3.15	marinobacter subterrani	None	False
G2IPH5	1.1.3.15	sphingobium sp.	None	False
A0A090E2C2	1.1.3.15	mesorhizobium sp.	None	False
B6R8D7	1.1.3.15	pseudovibrio sp.	None	False
Q82WJ9	1.1.3.15	nitrosomonas europaea	26	False
A9IQN3	1.1.3.15	bordetella petrii	34	False
A2SED2	1.1.3.15	methylibium petroleiphilum	26	False
A0A0P0RIU5	1.1.3.15	burkholderia caribensis	29	False
K7WJD0	1.1.3.15	anabaena sp.	28	False
U5DJQ7	1.1.3.15	rubidibacter lacunae	None	False
Q0W2Q0	1.1.3.15	methanocella arvoryzae	45	False
L8FNN6	1.1.3.15	mycobacterium smegmatis	36	False
T1DVD0	1.1.3.15	helicobacter fennelliae	37	False
W6EJB2	1.1.3.15	sulfurospirillum multivorans	25	False
A0A0C1NL19	1.1.3.15	prauserella sp.	None	False
A0A072P3D3	1.1.3.15	bacillus azotoformans	30	False
F5SKH3	1.1.3.15	desmospora sp.	None	False
A0A0S3P0I5	1.1.3.15	bacillus pumilus	30	False
A0A0T6ADC9	1.1.3.15	deltaproteobacteria bacterium	None	False
H0TJ90	1.1.3.15	bradyrhizobium sp.	26	False
G3A159	1.1.3.15	ralstonia syzygii	28	False
G0EVT6	1.1.3.15	cupriavidus necator	28	False
G0ESW4	1.1.3.15	cupriavidus necator	28	False
Q0KBU8	1.1.3.15	cupriavidus necator	28	False
G0ERK7	1.1.3.15	cupriavidus necator	28	False
V4JGD4	1.1.3.15	uncultured acidilobus	None	False
E6N788	1.1.3.15	candidatus caldiarchaeum	None	False
F9UTP6	1.1.3.15	lactobacillus plantarum	35	False
U6FAS7	1.1.3.15	lactobacillus helveticus	36	False
U6FH10	1.1.3.15	lactobacillus helveticus	36	False
E0QJI9	1.1.3.15	[eubacterium] yurii	None	False
D7GNZ6	1.1.3.15	butyrate-producing bacterium	None	False
Q8RIN5	1.1.3.15	fusobacterium nucleatum	37	False
A5TRL7	1.1.3.15	fusobacterium nucleatum	37	False
Q896M6	1.1.3.15	clostridium tetani	37	False
D5RHM8	1.1.3.15	roseomonas cervicalis	36	False
Q0BSS4	1.1.3.15	granulibacter bethesdensis	36	False
A0A0P7ZQ36	1.1.3.15	rhodobacteraceae bacterium	None	False
A0A0J5Q9F3	1.1.3.15	puniceibacterium sp.	None	False
A0A0D6B719	1.1.3.15	rhodovulum sulfidophilum	25	False
B6B2K7	1.1.3.15	rhodobacteraceae bacterium	None	False
V9WB78	1.1.3.15	phaeobacter gallaeciensis	24	False
B6BCS1	1.1.3.15	rhodobacterales bacterium	None	False
B7QY06	1.1.3.15	ruegeria sp.	None	False
A0A0A0HRL1	1.1.3.15	roseovarius mucosus	27	False
C7CDF7	1.1.3.15	methylobacterium extorquens	29	False
W0X1M3	1.1.3.15	sinorhizobium meliloti	None	False
C3MGS3	1.1.3.15	rhizobium sp.	27	False
G9A159	1.1.3.15	rhizobium fredii	None	False
U4Q4U1	1.1.3.15	rhizobium sp.	27	False
B3PR95	1.1.3.15	rhizobium etli	29	False
A0A0P0USS3	1.1.3.15	endosymbiont of	None	False
A5ECH8	1.1.3.15	bradyrhizobium sp.	26	False
H0RVQ0	1.1.3.15	bradyrhizobium sp.	26	False
H0T9T4	1.1.3.15	bradyrhizobium sp.	26	False
H0SIB8	1.1.3.15	bradyrhizobium sp.	26	False
E0DQ45	1.1.3.15	brucella inopinata	None	False
Q2YII5	1.1.3.15	brucella abortus	37	False
M5FIH9	1.1.3.15	mesorhizobium sp.	None	False
M5F9A9	1.1.3.15	mesorhizobium metallidurans	None	False
A0A090EQ85	1.1.3.15	mesorhizobium sp.	None	False
A0A090FKU8	1.1.3.15	mesorhizobium plurifarium	29	False
A0A090GR93	1.1.3.15	mesorhizobium plurifarium	29	False
A0A0K2VV82	1.1.3.15	mesorhizobium plurifarium	29	False
E3HEJ9	1.1.3.15	achromobacter xylosoxidans	31	False
I0HKK8	1.1.3.15	rubrivivax gelatinosus	27	False
Q0K752	1.1.3.15	cupriavidus necator	28	False
G0EVT4	1.1.3.15	cupriavidus necator	28	False
I9W3U5	1.1.3.15	ralstonia sp.	28	False
D8NPG9	1.1.3.15	ralstonia solanacearum	29	False
A3RTD6	1.1.3.15	ralstonia solanacearum	29	False
D8N7C8	1.1.3.15	ralstonia solanacearum	29	False
G3A158	1.1.3.15	ralstonia syzygii	28	False
D8NYS5	1.1.3.15	ralstonia solanacearum	29	False
G2ZL37	1.1.3.15	blood disease	None	False
Q145G8	1.1.3.15	burkholderia xenovorans	29	False
A0A0H3KGZ2	1.1.3.15	burkholderia multivorans	29	False
S6BD85	1.1.3.15	endosymbiont of	None	False
A0A0P7ZBN5	1.1.3.15	halomonas sp.	28	False
Q1R723	1.1.3.15	escherichia coli	35	False
A0A0N0E1V1	1.1.3.15	pseudomonas fuscovaginae	29	False
V6AP96	1.1.3.15	pseudomonas aeruginosa	34	False
W6RA91	1.1.3.15	pseudomonas pseudoalcaligenes	30	False
K9NL06	1.1.3.15	pseudomonas sp.	28	False
A0A0F6XA07	1.1.3.15	pseudomonas syringae	26	False
A0A0P1CSH2	1.1.3.15	chthonomonas calidirosea	60	False
A0A0N7LGH0	1.1.3.15	chthonomonas calidirosea	60	False
A2C7I8	1.1.3.15	prochlorococcus marinus	20	False
A4FNB1	1.1.3.15	saccharopolyspora erythraea	26	False
A0A073CPZ1	1.1.3.15	planktothrix agardhii	20	False
I4IBN0	1.1.3.15	microcystis sp.	None	False
I4HNA6	1.1.3.15	microcystis aeruginosa	19	False
I4IWL2	1.1.3.15	microcystis aeruginosa	19	False
I4FPB3	1.1.3.15	microcystis aeruginosa	19	False
L7E3G5	1.1.3.15	microcystis aeruginosa	19	False
I4FCJ1	1.1.3.15	microcystis aeruginosa	19	False
I4GF15	1.1.3.15	microcystis aeruginosa	19	False
I4HK74	1.1.3.15	microcystis aeruginosa	19	False
I4GYC0	1.1.3.15	microcystis aeruginosa	19	False
I4H4C1	1.1.3.15	microcystis aeruginosa	19	False
A0A0U5HR89	1.1.3.15	stenotrophomonas maltophilia	29	False
B8L0T8	1.1.3.15	stenotrophomonas sp.	28	False
Q0W3T1	1.1.3.15	methanocella arvoryzae	45	False
E6L3P7	1.1.3.15	arcobacter butzleri	36	False
A6QC61	1.1.3.15	sulfurovum sp.	None	False
A0A0S4XQE0	1.1.3.15	sulfurovum sp.	None	False
Q17XF0	1.1.3.15	helicobacter acinonychis	37	False
D7FDJ3	1.1.3.15	helicobacter pylori	37	False
Q1CU22	1.1.3.15	helicobacter pylori	37	False
V5NMY9	1.1.3.15	helicobacter pylori	37	False
E1S804	1.1.3.15	helicobacter pylori	37	False
H5VDZ6	1.1.3.15	helicobacter bizzozeronii	37	False
F8KPZ0	1.1.3.15	helicobacter bizzozeronii	37	False
A0A0K2Y0I2	1.1.3.15	helicobacter ailurogastricus	None	False
A0A0K2XCH6	1.1.3.15	helicobacter ailurogastricus	None	False
A0A0K2X9C5	1.1.3.15	helicobacter ailurogastricus	None	False
A0A0K2YE40	1.1.3.15	helicobacter heilmannii	37	False
A0A0K2XUN8	1.1.3.15	helicobacter heilmannii	37	False
A0A099UFT4	1.1.3.15	helicobacter typhlonius	37	False
B6BM25	1.1.3.15	sulfurimonas gotlandica	15	False
T2LJU1	1.1.3.15	campylobacter coli	37	False
A0A0D8B9B7	1.1.3.15	frankia sp.	27	False
A0A062WW27	1.1.3.15	frankia sp.	27	False
A9ENW5	1.1.3.15	sorangium cellulosum	28	False
L8F846	1.1.3.15	mycobacterium smegmatis	36	False
D8H685	1.1.3.15	bacillus cereus	30	False
A0RBC1	1.1.3.15	bacillus thuringiensis	29	False
Q6HLP8	1.1.3.15	bacillus thuringiensis	29	False
Q63E73	1.1.3.15	bacillus cereus	30	False
Q3EWG9	1.1.3.15	bacillus thuringiensis	29	False
R9TT95	1.1.3.15	bacillus paralicheniformis	None	False
C0QBU7	1.1.3.15	desulfobacterium autotrophicum	25	False
Q7V4L1	1.1.3.15	prochlorococcus marinus	20	False
S7SU43	1.1.3.15	geobacillus sp.	None	False
B6BCS0	1.1.3.15	rhodobacterales bacterium	None	False
G9A160	1.1.3.15	rhizobium fredii	None	False
C3MGS4	1.1.3.15	rhizobium sp.	27	False
H0RVQ4	1.1.3.15	bradyrhizobium sp.	26	False
H0SX50	1.1.3.15	bradyrhizobium sp.	26	False
A4Z0U9	1.1.3.15	bradyrhizobium sp.	26	False
A9IQN0	1.1.3.15	bordetella petrii	34	False
Q145G9	1.1.3.15	burkholderia xenovorans	29	False
A0A0E1SA20	1.1.3.15	burkholderia pseudomallei	37	False
D8NYS4	1.1.3.15	ralstonia solanacearum	29	False
D8N7C7	1.1.3.15	ralstonia solanacearum	29	False
B3R6H4	1.1.3.15	cupriavidus taiwanensis	32	False
A0A009NBJ7	1.1.3.6	acinetobacter baumannii	33	True
V9Q617	1.1.3.6	rhodococcus hoagii	28	True
A0A0T9WLB5	1.1.3.6	mycobacterium tuberculosis	37	True
W9N2G4	1.1.3.20	fusarium oxysporum	24	True
E3J7L2	1.1.3.6	frankia sp.	27	True
A0A0U0YMT3	1.1.3.6	mycobacterium abscessus	35	True
Q53U15	1.1.3.43	streptomyces fradiae	27	True
A0A0U1BXY3	1.1.3.6	mycobacterium abscessus	35	True
A0A0D6UVV4	1.1.3.6	streptomyces griseus	27	True
K4R330	1.1.3.6	streptomyces davawensis	None	True
A0A0Q0IVH1	1.1.3.6	pseudoalteromonas sp.	26	True
A0A0D8HYB4	1.1.3.6	rhodococcus sp.	28	True
K9U6P8	1.1.3.6	chroococcidiopsis thermalis	None	True
A2Z8H1	1.1.3.20	oryza sativa	None	True
H0EAY8	1.1.3.6	patulibacter medicamentivorans	28	True
A0A0D8HWN7	1.1.3.6	rhodococcus sp.	28	True
N0D146	1.1.3.6	streptomyces fulvissimus	28	True
A0A0F8B231	1.1.3.20	ceratocystis fimbriata	24	True
A0A0F0KK17	1.1.3.6	microbacterium oxydans	30	True
Q6MPV4	1.1.3.6	bdellovibrio bacteriovorus	27	False
A4X855	1.1.3.6	salinispora tropica	26	False
L7VAP8	1.1.3.6	mycobacterium liflandii	None	False
A0A011PRP2	1.1.3.43	candidatus accumulibacter	None	False
A5WBI8	1.1.3.6	psychrobacter sp.	26	False
K6YSI9	1.1.3.6	paraglaciecola arctica	25	False
E8W956	1.1.3.6	streptomyces pratensis	None	False
A0A072U3L8	1.1.3.20	medicago truncatula	None	False
B1VGH1	1.1.3.6	corynebacterium urealyticum	36	False
A0A011PLX9	1.1.3.43	candidatus accumulibacter	None	False
A0A011QNG9	1.1.3.43	candidatus accumulibacter	None	False
B1Y132	1.1.3.6	leptothrix cholodnii	23	False
H9NJ52	1.1.3.6	mycobacterium neoaurum	37	False
A0A069BCI2	1.1.3.6	burkholderia pseudomallei	37	False
A0A0D8I7U2	1.1.3.6	rhodococcus sp.	28	False
D0LDL7	1.1.3.6	gordonia bronchialis	30	False
F0P237	1.1.3.6	weeksella virosa	33	False
A0A024U3L3	1.1.3.20	aphanomyces invadans	None	False
A0A013UWG5	1.1.3.6	acinetobacter baumannii	33	False
A0A011QNI4	1.1.3.6	candidatus accumulibacter	None	False
Q9EW96	1.1.3.6	streptomyces natalensis	26	False
A0A060JKF6	1.1.3.6	rhodoluna lacicola	None	False
A0A0K3BDY4	1.1.3.6	kibdelosporangium sp.	None	False
S0FWG9	1.1.3.6	desulfotignum phosphitoxidans	30	False
C6WL12	1.1.3.6	actinosynnema mirum	27	False
K0K2W3	1.1.3.6	saccharothrix espanaensis	28	False
A6APT8	1.1.3.6	vibrio campbellii	28	False
A0A0P1E0S0	1.1.3.43	ruegeria atlantica	20	False
Q3ALD8	1.1.3.6	synechococcus sp.	19	False
K9U0B0	1.1.3.6	chroococcidiopsis thermalis	None	False
X7YI71	1.1.3.6	mycobacterium xenopi	37	False
A0A0M9UDV7	1.1.3.6	ardenticatena maritima	65	False
H6N4U1	1.1.3.6	gordonia polyisoprenivorans	28	False
A0A0H5NY23	1.1.3.6	nocardia farcinica	32	False
Q2MF66	1.1.3.44	streptomyces lividus	26	False
Q0RAZ7	1.1.3.6	frankia alni	None	False
K9U1P4	1.1.3.6	chroococcidiopsis thermalis	None	False
H6RGN5	1.1.3.6	uncultured flavobacteriia	None	False
B2IZE6	1.1.3.6	nostoc punctiforme	20	False
A0A010F3Z5	1.1.3.6	acinetobacter baumannii	33	False
K0JX84	1.1.3.6	saccharothrix espanaensis	28	False
A0A0N1NV05	1.1.3.6	actinobacteria bacterium	None	False
H0E0S0	1.1.3.6	patulibacter medicamentivorans	28	False
M7N2I5	1.1.3.6	cesiribacter andamanensis	32	False
X8FGQ1	1.1.3.6	mycobacterium ulcerans	31	False
A0A0K2YLL6	1.1.3.6	rhodococcus sp.	28	False
A0A075V887	1.1.3.6	amycolatopsis japonica	29	False
A0A0H5NL79	1.1.3.6	nocardia farcinica	32	False
A0A0H5CZB7	1.1.3.6	alloactinosynnema sp.	None	False
G4CFJ3	1.1.3.6	neisseria shayeganii	37	False
A0A0H5NRK7	1.1.3.6	nocardia farcinica	32	False
D0LDL8	1.1.3.6	gordonia bronchialis	30	False
A0A0F7M2L3	1.1.3.6	spongiibacter sp.	None	False
A1ZK73	1.1.3.6	microscilla marina	26	False
D0L8E4	1.1.3.6	gordonia bronchialis	30	False
D2Y4N5	1.1.3.6	gordonia cholesterolivorans	29	False
A0QSU5	1.1.3.6	mycobacterium smegmatis	36	False
C7QF61	1.1.3.6	catenulispora acidiphila	29	False
A0A0T9K2U0	1.1.3.6	mycobacterium tuberculosis	37	False
X8CCG0	1.1.3.6	mycobacterium intracellulare	36	False
W5TBW0	1.1.3.6	nocardia nova	29	False
Q93H76	1.1.3.6	streptomyces avermitilis	27	False
G8SFC3	1.1.3.6	actinoplanes sp.	27	False
C3JT83	1.1.3.6	rhodococcus erythropolis	28	False
N1M754	1.1.3.6	rhodococcus sp.	28	False
A0A0K3B0A9	1.1.3.6	kibdelosporangium sp.	None	False
D3PWH5	1.1.3.6	stackebrandtia nassauensis	29	False
A0A0H5D5M2	1.1.3.6	alloactinosynnema sp.	None	False
A0A0F0LET1	1.1.3.6	microbacterium azadirachtae	28	False
A0A0F3I9U7	1.1.3.6	rhodococcus sp.	28	False
G8S8W4	1.1.3.6	actinoplanes sp.	27	False
A8L4C3	1.1.3.6	frankia sp.	27	False
D2PYB3	1.1.3.6	kribbella flavida	29	False
A0A0H5NLD1	1.1.3.6	nocardia farcinica	32	False
A0A098BP00	1.1.3.6	rhodococcus ruber	28	False
A8M5S7	1.1.3.6	salinispora arenicola	26	False
A0A0J6VF98	1.1.3.6	mycobacterium obuense	33	False
H0E7B5	1.1.3.6	patulibacter medicamentivorans	28	False
A0A0A1FP71	1.1.3.6	mycobacterium sp.	34	False
W4A4P8	1.1.3.6	rhodococcus rhodochrous	28	False
A0A0T9LPG0	1.1.3.6	mycobacterium tuberculosis	37	False
Q0S9X3	1.1.3.6	rhodococcus jostii	29	False
W5W442	1.1.3.6	kutzneria albida	27	False
A0A075UMK6	1.1.3.6	amycolatopsis japonica	29	False
D3D2S2	1.1.3.6	frankia sp.	27	False
X8DQS5	1.1.3.6	mycobacterium abscessus	35	False
A8LGY7	1.1.3.6	frankia sp.	27	False
A0A0K3AXY2	1.1.3.6	kibdelosporangium sp.	None	False
A0A0K2YN42	1.1.3.6	rhodococcus sp.	28	False
A0A0N1FN71	1.1.3.6	actinobacteria bacterium	None	False
A0A0U1BF65	1.1.3.6	mycobacterium abscessus	35	False
A4FP96	1.1.3.6	saccharopolyspora erythraea	26	False
C7MXW2	1.1.3.6	saccharomonospora viridis	45	False
F5SQH4	1.1.3.6	psychrobacter sp.	26	False
A0A0F2C760	1.1.3.6	microbacterium sp.	29	False
A0A0N1FT50	1.1.3.6	actinobacteria bacterium	None	False
A0A0U1BGQ1	1.1.3.6	mycobacterium abscessus	35	False
W7MAB5	1.1.3.20	gibberella moniliformis	20	False
A0A0F0L8I0	1.1.3.6	microbacterium oxydans	30	False
A0A075V0K2	1.1.3.6	amycolatopsis japonica	29	False
A7RA76	1.1.3.6	streptomyces griseus	27	False
Q55020	1.1.3.6	streptomyces sp	27	False
A0A0D8BFH2	1.1.3.6	frankia sp.	27	False
Q0S3A8	1.1.3.6	rhodococcus jostii	29	False
P22637	1.1.3.6	brevibacterium sterolicum	None	False
C5II13	1.1.3.6	rhodococcus sp.	28	False
C3JVD5	1.1.3.6	rhodococcus erythropolis	28	False
A0A013SPE6	1.1.3.6	acinetobacter baumannii	33	False
A0A014C9N9	1.1.3.6	acinetobacter baumannii	33	False
A0A0J6VPV0	1.1.3.6	mycobacterium chlorophenolicum	31	False
A0A009R9Y9	1.1.3.6	acinetobacter baumannii	33	False
A0A009QN64	1.1.3.6	acinetobacter baumannii	33	False
A0A0H5CFR9	1.1.3.6	alloactinosynnema sp.	None	False
A0A075UVN3	1.1.3.6	amycolatopsis japonica	29	False
G0PXD9	1.1.3.6	streptomyces griseus	27	False
A0A075UN20	1.1.3.6	amycolatopsis japonica	29	False
D3CSW4	1.1.3.6	frankia sp.	27	False
A0A090BAU5	1.1.3.6	acinetobacter baumannii	33	False
A0A0F0KHR5	1.1.3.6	microbacterium azadirachtae	28	False
A0A0H5NJN0	1.1.3.6	nocardia farcinica	32	False
A0A0D8HR27	1.1.3.6	rhodococcus sp.	28	False
D5PCL9	1.1.3.6	mycobacterium parascrofulaceum	37	False
A0A0F3I7N5	1.1.3.6	rhodococcus sp.	28	False
Q0S8P0	1.1.3.6	rhodococcus jostii	29	False
A0A0J9WHK9	1.1.3.20	fusarium oxysporum	24	False
A7LGL0	1.1.3.6	streptomyces virginiae	26	False
Q2I2N2	1.1.3.6	brevibacterium sp.	30	False
A0A0A1DTF1	1.1.3.6	nocardioides simplex	28	False
A0A0M7R207	1.1.3.6	streptomyces venezuelae	26	False
A0A0N1NU47	1.1.3.6	actinobacteria bacterium	None	False
A0A0N0NG33	1.1.3.6	actinobacteria bacterium	None	False
A0A0N1G7E3	1.1.3.6	actinobacteria bacterium	None	False
U5Q8Z7	1.1.3.6	streptomyces sp.	27	False
P12676	1.1.3.6	streptomyces sp.	27	False
A0A009GHP2	1.1.3.6	acinetobacter baumannii	33	False
W3T1J3	1.1.3.6	acinetobacter baumannii	33	False
A0A010JSX8	1.1.3.6	acinetobacter baumannii	33	False
K5BC01	1.1.3.6	mycobacterium hassiacum	37	False
A0A0T9BJD7	1.1.3.6	mycobacterium tuberculosis	37	False
A0A0U0QJM7	1.1.3.6	mycobacterium tuberculosis	37	False
K0K9R7	1.1.3.6	saccharothrix espanaensis	28	False
X0J1X4	1.1.3.20	fusarium oxysporum	24	False
W9J151	1.1.3.20	fusarium oxysporum	24	False
X0BA92	1.1.3.20	fusarium oxysporum	24	False
A0A0D8HSJ0	1.1.3.6	rhodococcus sp.	28	False
C0ZRH0	1.1.3.6	rhodococcus erythropolis	28	False
Q157H4	1.1.3.6	rhodococcus sp.	28	False
Q157H4	1.1.3.6	rhodococcus sp.	28	False
Q56DL0	1.1.3.6	arthrobacter sp.	29	False
Q93JS8	1.1.3.6	rhodococcus hoagii	28	False
F2R5J6	1.1.3.6	streptomyces venezuelae	26	False
D2AYD8	1.1.3.6	streptosporangium roseum	27	False
A0A010KXI6	1.1.3.6	acinetobacter baumannii	33	False
A0A014B8M9	1.1.3.6	acinetobacter baumannii	33	False
A0A011FH12	1.1.3.6	acinetobacter baumannii	33	False
A0A013JFB3	1.1.3.6	acinetobacter baumannii	33	False
A0A0G4QP98	1.1.3.6	acinetobacter baumannii	33	False
A0A062F6P5	1.1.3.6	acinetobacter baumannii	33	False
A0A009FZA2	1.1.3.6	acinetobacter baumannii	33	False
A0A009JNB1	1.1.3.6	acinetobacter baumannii	33	False
A0A062EM92	1.1.3.6	acinetobacter baumannii	33	False
A0A010G3F1	1.1.3.6	acinetobacter baumannii	33	False
A0A0J8XHN4	1.1.3.6	acinetobacter baumannii	33	False
B0VAF9	1.1.3.6	acinetobacter baumannii	33	False
A0A009HNK5	1.1.3.6	acinetobacter baumannii	33	False
A0A013LL44	1.1.3.6	acinetobacter baumannii	33	False
A0A013RW52	1.1.3.6	acinetobacter baumannii	33	False
A0A013UNN1	1.1.3.6	acinetobacter baumannii	33	False
A0A095PN33	1.1.3.6	pseudomonas pseudomallei	None	False
A0A0U1ART6	1.1.3.6	mycobacterium abscessus	35	False
A0A0U1AC57	1.1.3.6	mycobacterium abscessus	35	False
X8EBN4	1.1.3.6	mycobacterium chelonae	36	False
A0A0N9Y822	1.1.3.6	mycobacterium fortuitum	36	False
A0A0D6HD20	1.1.3.6	mycobacterium smegmatis	36	False
X7ZRH5	1.1.3.6	mycobacterium kansasii	36	False
A0A0T9YCV2	1.1.3.6	mycobacterium tuberculosis	37	False
A0A0T9EEA0	1.1.3.6	mycobacterium tuberculosis	37	False
A0A0G4DYU9	1.1.3.6	mycobacterium caprae	37	False
F8M7J5	1.1.3.6	mycobacterium africanum	37	False
P9WMV8	1.1.3.6	mycobacterium tuberculosis	37	False
X7U7W4	1.1.3.6	mycobacterium avium	36	False
X7V8M5	1.1.3.6	mycobacterium sp.	34	False
X8B3K2	1.1.3.6	mycobacterium avium	36	False
B9S0Y9	1.1.3.15	ricinus communis	None	True
X7YWP4	1.1.3.15	mycobacterium kansasii	36	True
A9QH69	1.1.3.15	streptococcus iniae	37	True
I7IZ16	1.1.3.15	lactobacillus pasteurii	37	True
A4YVE0	1.1.3.15	bradyrhizobium sp.	26	True
A0A0W0SGJ0	1.1.3.15	legionella cherrii	37	True
F4G5A4	1.1.3.15	alicycliphilus denitrificans	28	True
A0A0L1HUB3	1.1.3.20	stemphylium lycopersici	24	True
B7QAT8	1.1.3.15	ixodes scapularis	None	True
A0A0F4YNJ0	1.1.3.15	rasamsonia emersonii	None	True
F0TBY7	1.1.3.15	methanobacterium lacus	30	True
C4VMW0	1.1.3.15	lactobacillus jensenii	36	True
W6W585	1.1.3.15	rhizobium sp.	27	True
Q8EEB0	1.1.3.48	shewanella oneidensis	30	True
S5UC18	1.1.3.15	uncultured bacterium	None	True
A0A0A8UQ43	1.1.3.15	legionella hackeliae	37	True
B8LUI6	1.1.3.15	talaromyces stipitatus	24	True
A0A087D1R1	1.1.3.15	bifidobacterium ruminantium	37	True
F4CRU5	1.1.3.15	pseudonocardia dioxanivorans	27	True
B7RR92	1.1.3.15	roseobacter sp.	None	True
M2Y0E7	1.1.3.15	galdieria sulphuraria	None	True
B9ST70	1.1.3.15	ricinus communis	None	True
C0XIJ3	1.1.3.15	lactobacillus hilgardii	33	True
A0A0N1ND03	1.1.3.15	actinobacteria bacterium	None	True
B1HZY7	1.1.3.15	lysinibacillus sphaericus	31	True
C9Y9E7	1.1.3.15	curvibacter putative	None	True
I7HM50	1.1.3.15	legionella pneumophila	37	False
F4LXJ9	1.1.3.15	tepidanaerobacter acetatoxydans	37	False
A2R0X2	1.1.3.15	aspergillus niger	25	False
C2K1F0	1.1.3.15	lactobacillus rhamnosus	36	False
A0A0W0RBD6	1.1.3.15	legionella birminghamensis	37	False
A0A0C1P707	1.1.3.15	prauserella sp.	None	False
A1Z8D3	1.1.3.15	drosophila melanogaster	None	False
Q5FIR1	1.1.3.15	lactobacillus acidophilus	36	False
B8MKR3	1.1.3.15	talaromyces stipitatus	24	False
B7G7W1	1.1.3.15	phaeodactylum tricornutum	None	False
X8CCW7	1.1.3.15	mycobacterium intracellulare	36	False
F9Y7M7	1.1.3.15	ketogulonicigenium vulgare	None	False
F4CZ97	1.1.3.15	pseudonocardia dioxanivorans	27	False
A0A0W0U422	1.1.3.15	fluoribacter gormanii	37	False
I4EZV3	1.1.3.15	modestobacter marinus	28	False
A0A0F4Z475	1.1.3.15	rasamsonia emersonii	None	False
G7M0E1	1.1.3.15	clostridium sp.	35	False
K6XRR8	1.1.3.15	paraglaciecola agarilytica	None	False
M2Y7P8	1.1.3.15	galdieria sulphuraria	None	False
Q1GS14	1.1.3.15	sphingopyxis alaskensis	29	False
Q9NYQ3	1.1.3.15	homo sapiens	None	False
Q92NB8	1.1.3.15	rhizobium meliloti	None	False
D2S4B7	1.1.3.15	geodermatophilus obscurus	27	False
C5BLP5	1.1.3.15	teredinibacter turnerae	28	False
F4BR76	1.1.3.15	carnobacterium sp.	33	False
A0A0C5VBW4	1.1.3.15	gynuella sunshinyii	None	False
U6EB70	1.1.3.15	methanobacterium sp.	41	False
D7FMI7	1.1.3.15	ectocarpus siliculosus	10	False
Q9CG58	1.1.3.15	lactococcus lactis	31	False
B7PPE8	1.1.3.15	ixodes scapularis	None	False
Q46UI1	1.1.3.15	cupriavidus pinatubonensis	29	False
D2PUB9	1.1.3.15	kribbella flavida	29	False
W2V3M4	1.1.3.15	legionella oakridgensis	37	False
Q01KC2	1.1.3.15	oryza sativa	None	False
A0A0N0MLM2	1.1.3.15	actinobacteria bacterium	None	False
B7FUG8	1.1.3.15	phaeodactylum tricornutum	None	False
E3IU20	1.1.3.15	frankia sp.	27	False
A0A0W0WNB8	1.1.3.15	legionella nautarum	36	False
W0UZR8	1.1.3.15	janthinobacterium agaricidamnosum	25	False
C2KX57	1.1.3.15	oribacterium sinus	37	False
Q46IL6	1.1.3.15	prochlorococcus marinus	20	False
B9MCK9	1.1.3.15	acidovorax ebreus	None	False
Q314U5	1.1.3.15	desulfovibrio alaskensis	33	False
A0A0P4UH01	1.1.3.15	rosellinia necatrix	24	False
Q1QYM6	1.1.3.15	chromohalobacter salexigens	33	False
E6L309	1.1.3.15	arcobacter butzleri	36	False
A0A0B2PSV8	1.1.3.15	glycine soja	None	False
Q1LQ51	1.1.3.15	cupriavidus metallidurans	30	False
Q82T12	1.1.3.15	nitrosomonas europaea	26	False
H6RN14	1.1.3.15	blastococcus saxobsidens	28	False
U5RS18	1.1.3.15	clostridium autoethanogenum	37	False
K9W256	1.1.3.15	crinalium epipsammum	25	False
M2W7F2	1.1.3.15	galdieria sulphuraria	None	False
A8IEL8	1.1.3.15	chlamydomonas reinhardtii	23	False
A1BC61	1.1.3.15	paracoccus denitrificans	29	False
X8B5I2	1.1.3.15	mycobacterium avium	36	False
C8X9C2	1.1.3.15	nakamurella multipartita	28	False
M1E5R9	1.1.3.15	thermodesulfobium narugense	50	False
Q54E41	1.1.3.15	dictyostelium discoideum	23	False
G4HQU0	1.1.3.15	mycobacterium rhodesiae	35	False
E6SCX5	1.1.3.15	intrasporangium calvum	28	False
A0A0J5QHZ2	1.1.3.15	puniceibacterium sp.	None	False
B0XXH6	1.1.3.15	neosartorya fumigata	None	False
Q8H3I4	1.1.3.15	oryza sativa	None	False
B7P3F0	1.1.3.15	ixodes scapularis	None	False
A0A0B2PTJ2	1.1.3.15	glycine soja	None	False
C2ENE9	1.1.3.15	lactobacillus ultunensis	37	False
G8SIT6	1.1.3.15	actinoplanes sp.	27	False
B8BZV0	1.1.3.15	thalassiosira pseudonana	None	False
A1K321	1.1.3.15	azoarcus sp.	29	False
F4CUY7	1.1.3.15	pseudonocardia dioxanivorans	27	False
F6BIS2	1.1.3.15	thermoanaerobacterium xylanolyticum	60	False
A0A061CPW4	1.1.3.15	lactobacillus delbrueckii	36	False
A0A0G3V1N4	1.1.3.15	actinobacteria bacterium	None	False
H6RSV4	1.1.3.15	blastococcus saxobsidens	28	False
Q9WU19	1.1.3.15	mus musculus	None	False
A0A0W0SKN3	1.1.3.15	legionella cincinnatiensis	37	False
A0A0N1G0C7	1.1.3.15	actinobacteria bacterium	None	False
F6ETN5	1.1.3.15	sphingobium chlorophenolicum	30	False
A0A075GPT8	1.1.3.15	uncultured marine	None	False
Q0AMS8	1.1.3.15	maricaulis maris	25	False
A0A0M7QFY7	1.1.3.15	streptomyces venezuelae	26	False
F9DJF4	1.1.3.15	prevotella pallens	37	False
O82077	1.1.3.15	nicotiana tabacum	None	False
B8AUI3	1.1.3.15	oryza sativa	None	False
A0A0W0TN02	1.1.3.15	legionella feeleii	37	False
Q98DF1	1.1.3.15	rhizobium loti	None	False
G7Q5T8	1.1.3.15	desulfovibrio sp.	32	False
A0A0W0XGQ7	1.1.3.15	legionella quateirensis	37	False
A0A0W0T515	1.1.3.15	fluoribacter dumoffii	37	False
E0VFS2	1.1.3.15	pediculus humanus	None	False
A0A0W0VL21	1.1.3.15	legionella lansingensis	37	False
B7PME7	1.1.3.15	ixodes scapularis	None	False
B5YHA7	1.1.3.15	thermodesulfovibrio yellowstonii	60	False
G0UG28	1.1.3.15	weissella thailandensis	30	False
Q47KK9	1.1.3.15	thermobifida fusca	49	False
A4T1S5	1.1.3.15	mycobacterium gilvum	35	False
F6AVX6	1.1.3.15	delftia sp.	None	False
Q9NYQ2	1.1.3.15	mus musculus	None	False
X5EDE2	1.1.3.15	corynebacterium glyciniphilum	None	False
B8MMC0	1.1.3.15	talaromyces stipitatus	24	False
M2WRR8	1.1.3.15	galdieria sulphuraria	None	False
G6CCJ7	1.1.3.15	lactobacillus curvatus	31	False
A0A0F7PF49	1.1.3.15	hoeflea sp.	None	False
C2JYX2	1.1.3.15	lactobacillus rhamnosus	36	False
A0A0H2XTD0	1.1.3.15	burkholderia cenocepacia	30	False
B9ST75	1.1.3.15	ricinus communis	None	False
A0A0W0T9X1	1.1.3.15	fluoribacter dumoffii	37	False
B9ST69	1.1.3.15	ricinus communis	None	False
C2E451	1.1.3.15	lactobacillus johnsonii	37	False
Q3ZBW2	1.1.3.15	bos taurus	None	False
Q3MD83	1.1.3.15	anabaena variabilis	22	False
A9AUI7	1.1.3.15	herpetosiphon aurantiacus	28	False
D1A2X8	1.1.3.15	thermomonospora curvata	48	False
O49506	1.1.3.15	arabidopsis thaliana	None	False
A0A0W0Y0Z9	1.1.3.15	legionella quinlivanii	37	False
I7K0M2	1.1.3.15	lactobacillus gigeriorum	37	False
K0NUR1	1.1.3.15	lactobacillus equicursoris	37	False
A5EK29	1.1.3.15	bradyrhizobium sp.	26	False
D8LSB4	1.1.3.15	ectocarpus siliculosus	10	False
F4CRK7	1.1.3.15	pseudonocardia dioxanivorans	27	False
A0A087EIS6	1.1.3.15	bifidobacterium thermophilum	37	False
C2LP39	1.1.3.15	proteus mirabilis	35	False
D8LDI6	1.1.3.15	ectocarpus siliculosus	10	False
A0A0W0UHE4	1.1.3.15	legionella jamestowniensis	37	False
S5TUW7	1.1.3.15	uncultured bacterium	None	False
A1SDE0	1.1.3.15	nocardioides sp.	27	False
F6B8U7	1.1.3.15	desulfotomaculum nigrificans	52	False
A0A061CMR4	1.1.3.15	pseudomonas pseudoalcaligenes	30	False
A0A0Q4AYV4	1.1.3.15	frankia sp.	27	False
K6YJA5	1.1.3.15	paraglaciecola mesophila	None	False
G4V4S8	1.1.3.46	amycolatopsis orientalis	26	False
A0A0A7DLL0	1.1.3.15	bassia scoparia	None	False
A2QBA3	1.1.3.15	aspergillus niger	25	False
W4A1K2	1.1.3.15	rhodococcus rhodochrous	28	False
C2KEN2	1.1.3.15	lactobacillus crispatus	37	False
Q1IWN3	1.1.3.15	deinococcus geothermalis	45	False
A1WAZ5	1.1.3.15	acidovorax sp.	None	False
A0A0W0Y368	1.1.3.15	legionella quinlivanii	37	False
C1A4Y0	1.1.3.15	gemmatimonas aurantiaca	30	False
D6U4K8	1.1.3.15	ktedonobacter racemifer	28	False
K9QIX1	1.1.3.15	nostoc sp.	24	False
A0A0W0YZQ1	1.1.3.15	legionella shakespearei	34	False
A0A0W0YDP5	1.1.3.15	legionella sainthelensi	36	False
A0A075KIL9	1.1.3.15	pelosinus sp.	None	False
A0A0W0U3G7	1.1.3.15	fluoribacter gormanii	37	False
I0L4Y9	1.1.3.15	micromonospora lupini	28	False
D2PT03	1.1.3.15	kribbella flavida	29	False
F4FVI9	1.1.3.15	lactobacillus buchneri	35	False
A0A0W0SNC9	1.1.3.15	legionella brunensis	37	False
A0A098G587	1.1.3.15	legionella fallonii	30	False
W6QQV7	1.1.3.15	pseudomonas pseudoalcaligenes	30	False
A8M0A4	1.1.3.15	salinispora arenicola	26	False
B2J901	1.1.3.15	nostoc punctiforme	20	False
A0A0B2SMJ8	1.1.3.15	glycine soja	None	False
B9ST74	1.1.3.15	ricinus communis	None	False
C2KG80	1.1.3.15	lactobacillus crispatus	37	False
Q84LB8	1.1.3.15	zantedeschia aethiopica	None	False
Q9LRS0	1.1.3.15	arabidopsis thaliana	None	False
H0TEW0	1.1.3.15	bradyrhizobium sp.	26	False
A0A098GJT9	1.1.3.15	tatlockia micdadei	37	False
F6CI10	1.1.3.15	desulfotomaculum kuznetsovii	60	False
A0A087E136	1.1.3.15	bifidobacterium thermacidophilum	37	False
I7LDV0	1.1.3.15	lactobacillus gigeriorum	37	False
C2EPE3	1.1.3.15	lactobacillus ultunensis	37	False
K0MXH5	1.1.3.15	lactobacillus casei	34	False
H0RUW7	1.1.3.15	bradyrhizobium sp.	26	False
O52792	1.1.3.46	amycolatopsis orientalis	26	False
A0A0W0SNN1	1.1.3.15	legionella drozanskii	30	False
X7YFF3	1.1.3.15	mycobacterium kansasii	36	False
G4HXB4	1.1.3.15	mycobacterium rhodesiae	35	False
Q0S3N6	1.1.3.15	rhodococcus jostii	29	False
A0A0N0MSK1	1.1.3.15	actinobacteria bacterium	None	False
Q3SUS3	1.1.3.15	nitrobacter winogradskyi	27	False
I0HXJ0	1.1.3.15	rubrivivax gelatinosus	27	False
Q07523	1.1.3.15	rattus norvegicus	None	False
A9F5V5	1.1.3.15	sorangium cellulosum	28	False
K9PNA8	1.1.3.15	calothrix sp.	25	False
K9TUB7	1.1.3.15	chroococcidiopsis thermalis	None	False
A0A0B2SP87	1.1.3.15	glycine soja	None	False
Q39640	1.1.3.15	cucurbita cv.	None	False
P05414	1.1.3.15	spinacia oleracea	None	False
A0A086ZI34	1.1.3.15	bifidobacterium boum	37	False
K0N938	1.1.3.15	lactobacillus casei	34	False
A0A061C6C0	1.1.3.15	lactobacillus delbrueckii	36	False
Q9CG58	1.1.3.15	lactococcus lactis	31	False
C2FBH3	1.1.3.15	lactobacillus paracasei	33	False
C2CYC5	1.1.3.15	lactobacillus brevis	33	False
A9QH71	1.1.3.15	streptococcus iniae	37	False
C5R9T2	1.1.3.15	weissella paramesenteroides	26	False
M4N2W9	1.1.3.15	sinorhizobium meliloti	None	False
W0X3F8	1.1.3.15	sinorhizobium meliloti	None	False
A0A0E0UEE5	1.1.3.15	sinorhizobium meliloti	None	False
H0SHM2	1.1.3.15	bradyrhizobium sp.	26	False
H0T8W2	1.1.3.15	bradyrhizobium sp.	26	False
A0A0W0YSA4	1.1.3.15	legionella sainthelensi	36	False
A0A0W0S1D2	1.1.3.15	fluoribacter bozemanae	37	False
A0A0W0ZF37	1.1.3.15	legionella steelei	35	False
A0A0W1ABM0	1.1.3.15	legionella steigerwaltii	33	False
A0A0A8UL03	1.1.3.15	legionella hackeliae	37	False
Q1ARC0	1.1.3.15	rubrobacter xylanophilus	55	False
A1UBM5	1.1.3.15	mycobacterium sp.	34	False
A1T4N1	1.1.3.15	mycobacterium vanbaalenii	30	False
A0A0N1GGN2	1.1.3.15	actinobacteria bacterium	None	False
Q0RJT8	1.1.3.15	frankia alni	None	False
D3HLE1	1.1.3.15	legionella longbeachae	37	False
A1W3D8	1.1.3.15	acidovorax sp.	None	False
Q15TJ7	1.1.3.15	pseudoalteromonas atlantica	22	False
K6Z453	1.1.3.15	paraglaciecola polaris	None	False
A0A080NFB1	1.1.3.15	delftia acidovorans	29	False
Q9UJM8	1.1.3.15	homo sapiens	None	False
Q7XPR4	1.1.3.15	oryza sativa	None	False
A0A0B2PSW2	1.1.3.15	glycine soja	None	False
A0A0B2PXL7	1.1.3.15	glycine soja	None	False
Q10CE4	1.1.3.15	oryza sativa	None	False
Q6YT73	1.1.3.15	oryza sativa	None	False
Q9LRR9	1.1.3.15	arabidopsis thaliana	None	False
P93260	1.1.3.15	mesembryanthemum crystallinum	None	False
A0A0B2QZ39	1.1.3.15	glycine soja	None	False
Q24JJ8	1.1.3.15	arabidopsis thaliana	None	False
Q9LJH5	1.1.3.15	arabidopsis thaliana	None	False
A0A095ANQ8	1.1.3.15	sphingopyxis sp.	None	False
A0A0K2B175	1.1.3.41	streptomyces ambofaciens	27	True
A0A0T8XJ31	1.1.3.41	streptococcus pneumoniae	37	True
A4HXL3	1.1.3.8	leishmania infantum	25	True
A0A0U1AUR2	1.1.3.41	mycobacterium abscessus	35	True
Q2YIX9	1.1.3.8	brucella abortus	37	True
A0A0B2PFM1	1.1.3.8	glycine soja	None	True
B9WMY6	1.1.3.37	candida dubliniensis	28	True
A0A075HNX4	1.1.3.8	uncultured marine	None	True
E1UR06	1.1.3.8	bacillus amyloliquefaciens	31	True
A0A0E9C319	1.1.3.37	pantoea ananas	None	True
Q9FM84	1.1.3.8	arabidopsis thaliana	None	True
M5FLZ5	1.1.3.8	mesorhizobium sp.	None	True
A0A0M2HDA7	1.1.3.41	microbacterium trichothecenolyticum	30	True
P10867	1.1.3.8	rattus norvegicus	None	True
I0K1R9	1.1.3.9	fibrella aestuarina	28	True
M5CRB8	1.1.3.9	stenotrophomonas maltophilia	29	True
A0A0N0N256	1.1.3.8	actinobacteria bacterium	None	True
A0A024H7W1	1.1.3.41	arthrobacter siccitolerans	28	True
G8Q6J7	1.1.3.37	pseudomonas fluorescens	27	True
A9KFF0	1.1.3.8	coxiella burnetii	None	True
D7UQ40	1.1.3.42	alternaria solani	23	True
G9A9S4	1.1.3.8	rhizobium fredii	None	True
I7KK15	1.1.3.8	turicella otitidis	37	True
Q6CSY3	1.1.3.37	kluyveromyces lactis	24	False
M7MKV4	1.1.3.8	arthrobacter gangotriensis	22	False
F8ELC3	1.1.3.41	runella slithyformis	26	False
W6IL53	1.1.3.8	granulibacter bethesdensis	36	False
Q097D4	1.1.3.41	stigmatella aurantiaca	28	False
Q3F0R7	1.1.3.8	bacillus thuringiensis	29	False
A7HXF5	1.1.3.8	parvibaculum lavamentivorans	30	False
A0A098G1S3	1.1.3.37	legionella fallonii	30	False
J7M0G4	1.1.3.41	arthrobacter sp.	29	False
A0A0B0I4X4	1.1.3.41	paenibacillus sp.	29	False
B2J020	1.1.3.8	nostoc punctiforme	20	False
A0A0P4UA74	1.1.3.37	rosellinia necatrix	24	False
D5AQN9	1.1.3.8	rhodobacter capsulatus	27	False
B2J344	1.1.3.8	nostoc punctiforme	20	False
A0A0T9NT27	1.1.3.41	mycobacterium tuberculosis	37	False
A0A0F0KM18	1.1.3.41	microbacterium azadirachtae	28	False
W6RC96	1.1.3.41	rhizobium sp.	27	False
D4XSI6	1.1.3.8	acinetobacter haemolyticus	31	False
A0A0E0UR77	1.1.3.37	sinorhizobium meliloti	None	False
A0A0B2SW96	1.1.3.8	glycine soja	None	False
B1HRA3	1.1.3.8	lysinibacillus sphaericus	31	False
A0A077SIH7	1.1.3.8	xanthomonas campestris	26	False
Q9HDX8	1.1.3.37	schizosaccharomyces pombe	25	False
E3BDC4	1.1.3.40	dermacoccus sp.	None	False
W5VX40	1.1.3.8	kutzneria albida	27	False
R7ZZ04	1.1.3.41	cyclobacteriaceae bacterium	None	False
A0LST6	1.1.3.41	acidothermus cellulolyticus	55	False
Q6BZA0	1.1.3.37	debaryomyces hansenii	24	False
D6U6R2	1.1.3.8	ktedonobacter racemifer	28	False
Q391J9	1.1.3.8	burkholderia lata	30	False
W9D6Q2	1.1.3.8	frankia sp.	27	False
K9JAG6	1.1.3.8	haliotis discus	None	False
I0L9P9	1.1.3.41	micromonospora lupini	28	False
A0A0T8HZ98	1.1.3.41	streptococcus pneumoniae	37	False
D3T1J2	1.1.3.8	natrialba magadii	37	False
P54783	1.1.3.37	saccharomyces cerevisiae	27	False
C0XRD5	1.1.3.8	corynebacterium lipophiloflavum	37	False
B0D7P8	1.1.3.8	laccaria bicolor	23	False
D6TSE4	1.1.3.41	ktedonobacter racemifer	28	False
B9S3D0	1.1.3.8	ricinus communis	None	False
U2EST4	1.1.3.8	salinisphaera shabanensis	35	False
A2A017	1.1.3.8	microscilla marina	26	False
W0Z805	1.1.3.41	microbacterium sp.	29	False
K4R067	1.1.3.41	streptomyces davawensis	None	False
A0A0B9AK84	1.1.3.8	brevibacterium linens	30	False
H8WAX9	1.1.3.8	marinobacter hydrocarbonoclasticus	27	False
G0AHK4	1.1.3.8	collimonas fungivorans	26	False
A0A0D0NLE0	1.1.3.41	wenxinia marina	30	False
F3M725	1.1.3.8	paenibacillus sp.	29	False
D3Q5Y2	1.1.3.8	stackebrandtia nassauensis	29	False
Q7SGY1	1.1.3.37	neurospora crassa	25	False
Q90YK3	1.1.3.8	scyliorhinus torazame	None	False
A3RPP1	1.1.3.8	ralstonia solanacearum	29	False
F6FR77	1.1.3.41	isoptericola variabilis	29	False
A0A075FRM3	1.1.3.8	uncultured marine	None	False
V5Z9C3	1.1.3.8	erwinia piriflorinigrans	28	False
Q9FM82	1.1.3.8	arabidopsis thaliana	None	False
W1QGM7	1.1.3.37	ogataea parapolymorpha	None	False
A0A0J0YI73	1.1.3.8	actinobacteria bacterium	None	False
D5VLT9	1.1.3.8	caulobacter segnis	29	False
K1L5T1	1.1.3.41	cecembia lonarensis	None	False
A7HTX6	1.1.3.8	parvibaculum lavamentivorans	30	False
A0A0G3V0S0	1.1.3.8	actinobacteria bacterium	None	False
Q390J8	1.1.3.8	burkholderia lata	30	False
E3BBP8	1.1.3.8	dermacoccus sp.	None	False
A0A0F2CB54	1.1.3.41	microbacterium sp.	29	False
A0A0E0U9H7	1.1.3.8	sinorhizobium meliloti	None	False
A0A088RMZ1	1.1.3.8	leishmania panamensis	23	False
A0A0U0TLA9	1.1.3.41	mycobacterium tuberculosis	37	False
Q6CG88	1.1.3.37	yarrowia lipolytica	24	False
C7MA47	1.1.3.41	brachybacterium faecium	28	False
D6Y3D9	1.1.3.8	thermobispora bispora	52	False
Q8EQI8	1.1.3.8	oceanobacillus iheyensis	29	False
M2Y3E6	1.1.3.37	galdieria sulphuraria	None	False
F3MC79	1.1.3.40	paenibacillus sp.	29	False
A0A0M2HW49	1.1.3.41	microbacterium hydrocarbonoxydans	29	False
K0KFN0	1.1.3.37	wickerhamomyces ciferrii	25	False
A0A0W1NES1	1.1.3.41	streptomyces sp.	27	False
A0A075UVX2	1.1.3.41	amycolatopsis japonica	29	False
A0A0H5P6T6	1.1.3.41	nocardia farcinica	32	False
A7GLB1	1.1.3.8	bacillus cytotoxicus	33	False
M5R471	1.1.3.37	bacillus stratosphericus	None	False
K0PKB6	1.1.3.41	rhizobium mesoamericanum	30	False
C0VIB9	1.1.3.8	acinetobacter sp.	32	False
Q6FS20	1.1.3.37	candida glabrata	25	False
D7B060	1.1.3.41	nocardiopsis dassonvillei	28	False
F2QTQ9	1.1.3.37	komagataella phaffii	22	False
G8S0H5	1.1.3.41	actinoplanes sp.	27	False
D1C7X7	1.1.3.8	sphaerobacter thermophilus	55	False
C8CCV9	1.1.3.37	leishmania donovani	25	False
K0JPQ0	1.1.3.8	saccharothrix espanaensis	28	False
A0A0M2HFI3	1.1.3.41	microbacterium ketosireducens	30	False
I4EWE1	1.1.3.41	modestobacter marinus	28	False
H6RKP8	1.1.3.41	blastococcus saxobsidens	28	False
A0A0D8BEZ6	1.1.3.8	frankia sp.	27	False
G8SB08	1.1.3.8	actinoplanes sp.	27	False
A0A0B2PPR6	1.1.3.37	glycine soja	None	False
S5YQ45	1.1.3.8	paracoccus aminophilus	30	False
H3REB4	1.1.3.37	pantoea stewartii	27	False
W8YSA3	1.1.3.41	paenibacillus sp.	29	False
E9ARA9	1.1.3.8	leishmania mexicana	25	False
Q752Y3	1.1.3.37	ashbya gossypii	22	False
C5BZ09	1.1.3.41	beutenbergia cavernae	28	False
W7IW51	1.1.3.41	actinokineospora spheciospongiae	None	False
A0A0T9K3Z6	1.1.3.41	mycobacterium tuberculosis	37	False
F4CYK6	1.1.3.8	pseudonocardia dioxanivorans	27	False
A4F5U2	1.1.3.8	saccharopolyspora erythraea	26	False
F5SAW5	1.1.3.8	desmospora sp.	None	False
A0A0N1GNJ2	1.1.3.41	actinobacteria bacterium	None	False
G8P147	1.1.3.41	granulicella mallensis	20	False
F4L1E6	1.1.3.41	haliscomenobacter hydrossis	26	False
A0A0F0LKS5	1.1.3.41	microbacterium azadirachtae	28	False
B0RGH2	1.1.3.41	clavibacter michiganensis	27	False
L7ESE9	1.1.3.40	streptomyces turgidiscabies	28	False
Q8HXW0	1.1.3.8	sus scrofa	None	False
W6VD16	1.1.3.8	pseudomonas sp.	28	False
A0A0B2Q7F4	1.1.3.8	glycine soja	None	False
A0A0U5F2G9	1.1.3.41	streptomyces reticuli	None	False
Q9KX73	1.1.3.41	streptomyces sp.	27	False
L1L2T7	1.1.3.40	streptomyces ipomoeae	26	False
F7S1R7	1.1.3.8	acidiphilium sp.	None	False
A0A0F0KQ55	1.1.3.41	microbacterium foliorum	26	False
A0A0F0LEA0	1.1.3.41	microbacterium oxydans	30	False
E1VS52	1.1.3.41	arthrobacter arilaitensis	29	False
D7B0R6	1.1.3.8	nocardiopsis dassonvillei	28	False
A0A0D8HV00	1.1.3.41	rhodococcus sp.	28	False
W4A516	1.1.3.8	rhodococcus rhodochrous	28	False
A0A0U0FBE7	1.1.3.41	streptococcus pneumoniae	37	False
Q8YCU0	1.1.3.8	brucella melitensis	37	False
Q4QE54	1.1.3.8	leishmania major	23	False
A0A0T9MJ98	1.1.3.41	mycobacterium tuberculosis	37	False
A0A089Z618	1.1.3.41	streptomyces glaucescens	27	False
F0M5D8	1.1.3.41	arthrobacter phenanthrenivorans	29	False
P58710	1.1.3.8	mus musculus	None	False
A6U6A0	1.1.3.8	sinorhizobium medicae	None	False
C5C5G4	1.1.3.8	beutenbergia cavernae	28	False
A0A0N0ML90	1.1.3.8	actinobacteria bacterium	None	False
A0A0N1H630	1.1.3.8	actinobacteria bacterium	None	False
D2B5I4	1.1.3.8	streptosporangium roseum	27	False
A0A0D6IWN3	1.1.3.41	pseudomonas aeruginosa	34	False
Q81IZ2	1.1.3.8	bacillus cereus	30	False
Q0BPS4	1.1.3.8	granulibacter bethesdensis	36	False
A0A0E9BC61	1.1.3.37	pantoea ananas	None	False
A4H992	1.1.3.8	leishmania braziliensis	25	False
C8CCV9	1.1.3.37	leishmania donovani	25	False
A0LST6	1.1.3.41	acidothermus cellulolyticus	55	False
A0A0N0N3I6	1.1.3.41	actinobacteria bacterium	None	False
Q9ZBU1	1.1.3.41	streptomyces coelicolor	26	False
A0A076LUJ3	1.1.3.41	streptomyces lividans	27	False
A0A0N1FKP0	1.1.3.41	actinobacteria bacterium	None	False
D1BFG0	1.1.3.41	sanguibacter keddieii	30	False
O93852	1.1.3.37	candida albicans	26	False
Q3ZC33	1.1.3.8	bos taurus	None	False
A0A0T9EDS6	1.1.3.41	mycobacterium tuberculosis	37	False
A0A0T7PF31	1.1.3.41	mycobacterium tuberculosis	37	False
A0A045IUM0	1.1.3.41	mycobacterium tuberculosis	37	False
A0A0U1AV60	1.1.3.41	mycobacterium abscessus	35	False
A0A0U1BZJ8	1.1.3.41	mycobacterium abscessus	35	False
A0A0U0X7Q8	1.1.3.41	mycobacterium abscessus	35	False
A0A0U1ASK5	1.1.3.41	mycobacterium abscessus	35	False
A0A0U1ATK9	1.1.3.41	mycobacterium abscessus	35	False
A0A0U0YJ07	1.1.3.41	mycobacterium abscessus	35	False
A0A0U0ZUY8	1.1.3.41	mycobacterium abscessus	35	False
A0A0U1AV78	1.1.3.41	mycobacterium abscessus	35	False
Q2JG59	1.1.3.8	frankia sp.	27	False
A0A062X1T2	1.1.3.8	frankia sp.	27	False
G0PYW7	1.1.3.8	streptomyces griseus	27	False
A0A0N1NL18	1.1.3.8	actinobacteria bacterium	None	False
C6WCI3	1.1.3.8	actinosynnema mirum	27	False
J7JBJ3	1.1.3.8	burkholderia cepacia	30	False
W6WS88	1.1.3.8	rhizobium sp.	27	False
A0A0E8TK92	1.1.3.41	streptococcus pneumoniae	37	False
A0A0F6J509	1.1.3.41	bacillus thuringiensis	29	False
A0A0U0IPM5	1.1.3.41	streptococcus pneumoniae	37	False
A0A0T8G5S1	1.1.3.41	streptococcus pneumoniae	37	False
A0A0T8VNC7	1.1.3.41	streptococcus pneumoniae	37	False
I9UMF5	1.1.3.15	helicobacter pylori	37	True
H0RSU3	1.1.3.15	bradyrhizobium sp.	26	True
G6FBF9	1.1.3.15	lactococcus lactis	31	True
Q96Y72	1.1.3.15	sulfolobus tokodaii	75	True
F5SJF3	1.1.3.15	desmospora sp.	None	True
S6BUT8	1.1.3.15	endosymbiont of	None	True
Q6L2S0	1.1.3.15	picrophilus torridus	55	True
G4CXE1	1.1.3.15	propionibacterium avidum	37	True
A5CXB1	1.1.3.15	vesicomyosocius okutanii	None	True
A2CCU9	1.1.3.15	prochlorococcus marinus	20	False
A0A0J7JD82	1.1.3.15	marinobacter subterrani	None	False
Q3JHC3	1.1.3.15	burkholderia pseudomallei	37	False
U2EQX2	1.1.3.15	salinisphaera shabanensis	35	False
F5SJF4	1.1.3.15	desmospora sp.	None	False
D4YN11	1.1.3.15	brevibacterium mcbrellneri	35	False
A0A0B0H8K0	1.1.3.15	solemya velum	None	False
Q3JQM9	1.1.3.15	burkholderia pseudomallei	37	False
K9NCU5	1.1.3.15	pseudomonas sp.	28	False
H0TLA1	1.1.3.15	bradyrhizobium sp.	26	False
J0C7Q0	1.1.3.15	helicobacter pylori	37	False
H0SLS5	1.1.3.15	bradyrhizobium sp.	26	False
I9SA22	1.1.3.15	helicobacter pylori	37	False
J0HUJ5	1.1.3.15	helicobacter pylori	37	False
D7FFM6	1.1.3.15	helicobacter pylori	37	False
J0LV76	1.1.3.15	helicobacter pylori	37	False
J0BT75	1.1.3.15	helicobacter pylori	37	False
J0ABA9	1.1.3.15	helicobacter pylori	37	False
I9Q9Y3	1.1.3.15	helicobacter pylori	37	False
J0NQ35	1.1.3.15	helicobacter pylori	37	False
I9YBY4	1.1.3.15	helicobacter pylori	37	False
J0INP2	1.1.3.15	helicobacter pylori	37	False
J0T775	1.1.3.15	helicobacter pylori	37	False
J0FCM7	1.1.3.15	helicobacter pylori	37	False
J0AKV7	1.1.3.15	helicobacter pylori	37	False
A0A0J6VVN5	1.1.3.17	mycobacterium chlorophenolicum	31	True
M5C2L8	1.1.3.13	thanatephorus cucumeris	24	True
A0A0C4YFD9	1.1.3.12	cupriavidus basilensis	28	True
Q4WCK6	1.1.3.17	neosartorya fumigata	None	True
M5CC52	1.1.3.13	thanatephorus cucumeris	24	True
M5F6A5	1.1.3.12	mesorhizobium sp.	None	True
B8LTH8	1.1.3.13	talaromyces stipitatus	24	True
D5KB61	1.1.3.47	cupriavidus basilensis	28	True
A9WL67	1.1.3.8	renibacterium salmoninarum	15	True
A0A0F4YPS7	1.1.3.4	rasamsonia emersonii	None	True
C9YDG8	1.1.3.17	curvibacter putative	None	True
A0A0F8CXS8	1.1.3.4	ceratocystis fimbriata	24	True
A1R258	1.1.3.17	arthrobacter aurescens	29	True
B7QMD1	1.1.3.12	ixodes scapularis	None	True
A2QK04	1.1.3.7	aspergillus niger	25	True
A2QIB9	1.1.3.7	aspergillus niger	25	True
G7HWX2	1.1.3.17	corynebacterium casei	30	False
A0A0W1NM66	1.1.3.17	streptomyces sp.	27	False
E4QP00	1.1.3.47	methylovorus sp.	None	False
Q9AJD6	1.1.3.12	microbacterium luteolum	30	False
M5C7F4	1.1.3.13	thanatephorus cucumeris	24	False
M5CH40	1.1.3.13	thanatephorus cucumeris	24	False
S5XT68	1.1.3.17	paracoccus aminophilus	30	False
A0A0K2AXD2	1.1.3.17	streptomyces ambofaciens	27	False
M5CB66	1.1.3.13	thanatephorus cucumeris	24	False
A0A0J6VPQ1	1.1.3.17	mycobacterium obuense	33	False
A0A0U5H0Q8	1.1.3.17	streptomyces reticuli	None	False
A5LGE0	1.1.3.13	candida sonorensis	24	False
M5C8F8	1.1.3.13	thanatephorus cucumeris	24	False
A0A0U1CBT0	1.1.3.12	mycobacterium abscessus	35	False
B7PIZ7	1.1.3.13	ixodes scapularis	None	False
A0A0P4U4F3	1.1.3.17	rosellinia necatrix	24	False
G7HH71	1.1.3.12	burkholderia cenocepacia	30	False
M5C784	1.1.3.13	thanatephorus cucumeris	24	False
G7HUS2	1.1.3.17	corynebacterium casei	30	False
J7KZT9	1.1.3.17	nocardiopsis alba	27	False
Q5NT46	1.1.3.12	rhizobium loti	None	False
A0A0D6IYV5	1.1.3.12	mycobacterium smegmatis	36	False
I9W4Q1	1.1.3.17	ralstonia sp.	28	False
C1AXM6	1.1.3.17	rhodococcus opacus	27	False
A0A0N8W0B7	1.1.3.17	corynebacterium sp.	33	False
A0A075UV28	1.1.3.17	amycolatopsis japonica	29	False
B2GM41	1.1.3.17	kocuria rhizophila	31	False
A1UFU8	1.1.3.17	mycobacterium sp.	34	False
E1VTJ7	1.1.3.17	arthrobacter arilaitensis	29	False
A0A0W1NF95	1.1.3.17	streptomyces sp.	27	False
Q7X2H8	1.1.3.17	arthrobacter globiformis	28	False
N0CXC6	1.1.3.17	streptomyces fulvissimus	28	False
M4UHN0	1.1.3.12	ralstonia solanacearum	29	False
B3R7P1	1.1.3.17	cupriavidus taiwanensis	32	False
A0A0F4YUY8	1.1.3.17	rasamsonia emersonii	None	False
C1AXU8	1.1.3.17	rhodococcus opacus	27	False
A0A0Q1AA84	1.1.3.17	corynebacterium sp.	33	False
A0A0K2AKS0	1.1.3.17	streptomyces ambofaciens	27	False
A0K1E8	1.1.3.17	arthrobacter sp.	29	False
A0A024GX99	1.1.3.17	arthrobacter siccitolerans	28	False
I4BKM6	1.1.3.17	mycobacterium chubuense	37	False
A0A0U5LT69	1.1.3.17	streptomyces reticuli	None	False
A4TB53	1.1.3.17	mycobacterium gilvum	35	False
A0A0J6W713	1.1.3.17	mycobacterium obuense	33	False
A0A0J6WGE4	1.1.3.17	mycobacterium chubuense	37	False
E6TI39	1.1.3.17	mycobacterium gilvum	35	False
J7LLU9	1.1.3.17	arthrobacter sp.	29	False
A0A0U0H6R2	1.1.3.21	streptococcus pneumoniae	37	True
B9THK9	1.1.3.21	ricinus communis	None	True
A0A0U5IDX7	1.1.3.21	thiocapsa sp.	None	True
A0A0U5Q3L4	1.1.3.21	bacillus methylotrophicus	30	True
Q1LC23	1.1.3.21	cupriavidus metallidurans	30	True
U3TSG9	1.1.3.21	streptococcus dysgalactiae	36	True
Q3AMA9	1.1.3.21	synechococcus sp.	19	True
B0STP5	1.1.3.21	leptospira biflexa	29	True
B0ED25	1.1.3.21	entamoeba dispar	35	True
A0A017H745	1.1.3.21	loktanella hongkongensis	30	True
C3MKW7	1.1.3.21	sulfolobus islandicus	None	True
H8W5V1	1.1.3.21	marinobacter hydrocarbonoclasticus	27	True
C8PB99	1.1.3.21	lactobacillus iners	37	False
A0A0T8KNF0	1.1.3.21	streptococcus pneumoniae	37	False
M1ZF78	1.1.3.21	[clostridium] ultunense	None	False
L0R6N4	1.1.3.21	desulfovibrio hydrothermalis	32	False
B9XBS0	1.1.3.21	pedosphaera parvula	None	False
F4BL96	1.1.3.21	carnobacterium sp.	33	False
A0A0G7GZ15	1.1.3.21	streptococcus equi	37	False
Q3J7P4	1.1.3.21	nitrosococcus oceani	26	False
E6QL82	1.1.3.21	mine drainage	None	False
C7RIE7	1.1.3.21	accumulibacter phosphatis	None	False
K0N2V4	1.1.3.21	lactobacillus casei	34	False
Q3ICJ7	1.1.3.21	pseudoalteromonas haloplanktis	23	False
E1V439	1.1.3.21	halomonas elongata	28	False
D0VWY7	1.1.3.21	streptococcus sp	36	False
Q394C4	1.1.3.21	burkholderia lata	30	False
A0A0U0DJH6	1.1.3.21	streptococcus pneumoniae	37	False
J1DAP3	1.1.3.21	streptococcus pneumoniae	37	False
A0A0T8PMX6	1.1.3.21	streptococcus pneumoniae	37	False
A0A0T7T4V4	1.1.3.21	streptococcus pneumoniae	37	False
A0A0T9AHT4	1.1.3.21	streptococcus pneumoniae	37	False
A0A0T9GPF7	1.1.3.21	streptococcus pneumoniae	37	False
A0A0T8QV41	1.1.3.21	streptococcus pneumoniae	37	False
A0A0U0D3V4	1.1.3.21	streptococcus pneumoniae	37	False
A0A0G8CLL3	1.1.3.8	bacillus cereus	30	True
M9TNS6	1.1.3.8	streptomyces sp.	27	True
A0A0S4K8U9	1.1.3.8	janthinobacterium sp.	None	True
A0A0N9XAQ2	1.1.3.8	mycobacterium fortuitum	36	True
A0A0D6SSY4	1.1.3.8	pseudomonas sp.	28	True
A0A0H5CS89	1.1.3.8	alloactinosynnema sp.	None	True
A0A0K2HX31	1.1.3.8	mycobacterium bovis	37	True
A0A0A1DTG4	1.1.3.8	nocardioides simplex	28	False
N1M667	1.1.3.8	rhodococcus sp.	28	False
A0A0K3B8Q2	1.1.3.8	kibdelosporangium sp.	None	False
N1LJG2	1.1.3.8	bacillus sp.	33	False
H0E3U3	1.1.3.8	patulibacter medicamentivorans	28	False
W7INI2	1.1.3.8	actinokineospora spheciospongiae	None	False
N0CR91	1.1.3.8	streptomyces fulvissimus	28	False
A0A0D6S234	1.1.3.8	bacillus mycoides	29	False
A0A0G8DA96	1.1.3.8	bacillus cereus	30	False
F2RDU8	1.1.3.8	streptomyces venezuelae	26	False
M1PFM3	1.1.3.8	bacillus thuringiensis	29	False
A0A068N449	1.1.3.8	bacillus cereus	30	False
A0A0M7R1E9	1.1.3.8	streptomyces venezuelae	26	False
A0A0G8F9Z1	1.1.3.8	bacillus cereus	30	False
A0A0G8ECN8	1.1.3.8	bacillus cereus	30	False
A0A0A1FLS0	1.1.3.8	mycobacterium sp.	34	False
A0A0D6V7P1	1.1.3.8	streptomyces griseus	27	False
A0A0I9NPR5	1.1.3.10	klebsiella variicola	29	True
A0A0W0REL6	1.1.3.43	legionella anisa	37	True
Q8J2V8	1.1.3.10	tricholoma matsutake	22	True
A0A085F5E1	1.1.3.43	devosia sp.	None	True
A0A0G4JCR8	1.1.3.43	pandoraea apista	37	True
J7LVS7	1.1.3.10	arthrobacter sp.	29	True
G4HXT0	1.1.3.10	mycobacterium rhodesiae	35	True
I4EXQ4	1.1.3.10	modestobacter marinus	28	True
A0A0N1GNK6	1.1.3.10	actinobacteria bacterium	None	True
W8XI42	1.1.3.10	klebsiella quasipneumoniae	37	False
Q0RGV3	1.1.3.10	frankia alni	None	False
A0A0M2HS64	1.1.3.43	microbacterium hydrocarbonoxydans	29	False
J7LQA3	1.1.3.10	arthrobacter sp.	29	False
A0A0W0YNV0	1.1.3.43	legionella sainthelensi	36	False
B8H6F9	1.1.3.10	arthrobacter chlorophenolicus	28	False
I4EXS6	1.1.3.10	modestobacter marinus	28	False
A0A060V429	1.1.3.10	klebsiella quasipneumoniae	37	False
A0A0I9Q8P2	1.1.3.10	klebsiella variicola	29	False
